JobID           JobName     MaxRSS     ReqMem        NodeList 
------------ ---------- ---------- ---------- --------------- 
3359847      mem200_03+                31968G nid[001000,001+ 
3359847.bat+      batch                             nid001000 
3359847.ext+     extern                       nid[001000,001+ 
3359847.0    alya_3D_l+    499848K            nid[001000,001+ 
3359847.1    alya_3D_l+    500524K            nid[001122,001+ 
3359847.2    alya_3D_l+    500172K            nid[001253-001+ 
3359847.3    alya_3D_l+    505360K            nid[001420-001+ 
3359847.4    alya_3D_l+    500396K            nid[001921-001+ 
3359847.5    alya_3D_l+    500416K            nid[002657,002+ 
3359847.6    alya_3D_l+    499920K            nid[001000,001+ 
3359847.7    alya_3D_l+    500460K            nid[001122,001+ 
3359847.8    alya_3D_l+    502476K            nid[001122,001+ 
3359847.9    alya_3D_l+    500124K            nid[001271,001+ 
3359847.10   alya_3D_l+    499888K            nid[001253-001+ 
3359847.11   alya_3D_l+    500572K            nid[001420-001+ 
3359847.12   alya_3D_l+    502436K            nid[001000,001+ 
3359847.13   alya_3D_l+    500176K            nid[001122,001+ 
3359847.14   alya_3D_l+    500308K            nid[001253-001+ 
3359847.15   alya_3D_l+    500116K            nid[001271,001+ 
3359847.16   alya_3D_l+    500548K            nid[001253-001+ 
3359847.17   alya_3D_l+    500300K            nid[001420-001+ 
3359847.18   alya_3D_l+    499852K            nid[001000,001+ 
3359847.19   alya_3D_l+    500340K            nid[001000,001+ 
3359847.20   alya_3D_l+    501532K            nid[001921-001+ 
3359847.21   alya_3D_l+    499784K            nid[001253-001+ 
3359847.22   alya_3D_l+    500196K            nid[001431,001+ 
3359847.23   alya_3D_l+    515668K            nid[001420-001+ 
3359847.24   alya_3D_l+    500556K            nid[001122,001+ 
3359847.25   alya_3D_l+    516324K            nid[001000,001+ 
3359847.26   alya_3D_l+    516372K            nid[001000,001+ 
3359847.27   alya_3D_l+    500216K            nid[001253-001+ 
3359847.28   alya_3D_l+    516552K            nid[002657,002+ 
3359847.29   alya_3D_l+    516420K            nid[001122,001+ 
3359847.30   alya_3D_l+    516372K            nid[001122,001+ 
3359847.31   alya_3D_l+    500212K            nid[001000,001+ 
3359847.32   alya_3D_l+    500236K            nid[001030-001+ 
3359847.33   alya_3D_l+    500400K            nid[001000,001+ 
3359847.34   alya_3D_l+    500144K            nid[001253-001+ 
3359847.35   alya_3D_l+    500164K            nid[001122,001+ 
3359847.36   alya_3D_l+    500136K            nid[001122,001+ 
3359847.37   alya_3D_l+    500096K            nid[002657,002+ 
3359847.38   alya_3D_l+    500108K            nid[001253-001+ 
3359847.39   alya_3D_l+    500204K            nid[001000,001+ 
3359847.40   alya_3D_l+    501296K            nid[001000,001+ 
3359847.41   alya_3D_l+    501052K            nid[001122,001+ 
3359847.42   alya_3D_l+    515684K            nid[001420-001+ 
3359847.43   alya_3D_l+    500260K            nid[002657,002+ 
3359847.44   alya_3D_l+    500012K            nid[001122,001+ 
3359847.45   alya_3D_l+    499988K            nid[001253-001+ 
3359847.46   alya_3D_l+    500252K            nid[001420-001+ 
3359847.47   alya_3D_l+    501092K            nid[001431,001+ 
3359847.48   alya_3D_l+    500004K            nid[001420-001+ 
3359847.49   alya_3D_l+    500376K            nid[001000,001+ 
3359847.50   alya_3D_l+    500276K            nid[001122,001+ 
3359847.51   alya_3D_l+    500288K            nid[001253-001+ 
3359847.52   alya_3D_l+    515396K            nid[001253-001+ 
3359847.53   alya_3D_l+    516400K            nid[001000,001+ 
3359847.54   alya_3D_l+    516072K            nid[001000,001+ 
3359847.55   alya_3D_l+    516136K            nid[001122,001+ 
3359847.56   alya_3D_l+    502264K            nid[001122,001+ 
3359847.57   alya_3D_l+    500200K            nid[001921-001+ 
3359847.58   alya_3D_l+    500128K            nid[001253-001+ 
3359847.59   alya_3D_l+    500028K            nid[001000,001+ 
3359847.60   alya_3D_l+    516640K            nid[001030-001+ 
3359847.61   alya_3D_l+    502176K            nid[001000,001+ 
3359847.62   alya_3D_l+    500584K            nid[001420-001+ 
3359847.63   alya_3D_l+    500252K            nid[001921-001+ 
3359847.64   alya_3D_l+    516184K            nid[001253-001+ 
3359847.65   alya_3D_l+    500072K            nid[001122,001+ 
3359847.66   alya_3D_l+    515760K            nid[001149,001+ 
3359847.67   alya_3D_l+    500604K            nid[001122,001+ 
3359847.68   alya_3D_l+    500060K            nid[002657,002+ 
3359847.69   alya_3D_l+    500200K            nid[001000,001+ 
3359847.70   alya_3D_l+    500364K            nid[001253-001+ 
3359847.71   alya_3D_l+    488.50M            nid[001420-001+ 
3359847.72   alya_3D_l+    515836K            nid[001000,001+ 
3359847.73   alya_3D_l+    500288K            nid[001921-001+ 
3359847.74   alya_3D_l+    500648K            nid[001122,001+ 
3359847.75   alya_3D_l+    500636K            nid[001122,001+ 
3359847.76   alya_3D_l+    500344K            nid[001253-001+ 
3359847.77   alya_3D_l+    500024K            nid[001420-001+ 
3359847.78   alya_3D_l+    500152K            nid[001000,001+ 
3359847.79   alya_3D_l+    499868K            nid[001253-001+ 
3359847.80   alya_3D_l+    500080K            nid[001122,001+ 
3359847.81   alya_3D_l+    500132K            nid[001149,001+ 
3359847.82   alya_3D_l+    500508K            nid[001194,001+ 
3359847.83   alya_3D_l+    500276K            nid[001122,001+ 
3359847.84   alya_3D_l+    517380K            nid[001000,001+ 
3359847.85   alya_3D_l+    500268K            nid[001253-001+ 
3359847.86   alya_3D_l+    500240K            nid[001000,001+ 
3359847.87   alya_3D_l+    500476K            nid[001000,001+ 
3359847.88   alya_3D_l+    500260K            nid[001420-001+ 
3359847.89   alya_3D_l+    500064K            nid[001122,001+ 
3359847.90   alya_3D_l+    516288K            nid[002657,002+ 
3359847.91   alya_3D_l+    517212K            nid[001253-001+ 
3359847.92   alya_3D_l+    516304K            nid[001253-001+ 
3359847.93   alya_3D_l+    499880K            nid[001000,001+ 
3359847.94   alya_3D_l+    500340K            nid[001420-001+ 
3359847.95   alya_3D_l+    516076K            nid[001122,001+ 
3359847.96   alya_3D_l+    500084K            nid[002657,002+ 
3359847.97   alya_3D_l+    500080K            nid[001921-001+ 
3359847.98   alya_3D_l+    499960K            nid[001122,001+ 
3359847.99   alya_3D_l+    500112K            nid[001122,001+ 
3359847.100  alya_3D_l+    499988K            nid[001000,001+ 
3359847.101  alya_3D_l+    500468K            nid[001000,001+ 
3359847.102  alya_3D_l+    500140K            nid[002657,002+ 
3359847.103  alya_3D_l+    502276K            nid[001921-001+ 
3359847.104  alya_3D_l+    500460K            nid[001122,001+ 
3359847.105  alya_3D_l+    515628K            nid[001122,001+ 
3359847.106  alya_3D_l+    500132K            nid[001431,001+ 
3359847.107  alya_3D_l+    500604K            nid[001420-001+ 
3359847.108  alya_3D_l+    500212K            nid[001000,001+ 
3359847.109  alya_3D_l+    500100K            nid[002657,002+ 
3359847.110  alya_3D_l+    500612K            nid[001253-001+ 
3359847.111  alya_3D_l+    499996K            nid[001253-001+ 
3359847.112  alya_3D_l+    500280K            nid[001000,001+ 
3359847.113  alya_3D_l+    516128K            nid[001000,001+ 
3359847.114  alya_3D_l+    500232K            nid[001420-001+ 
3359847.115  alya_3D_l+    499952K            nid[002657,002+ 
3359847.116  alya_3D_l+    500116K            nid[001122,001+ 
3359847.117  alya_3D_l+    500416K            nid[001122,001+ 
3359847.118  alya_3D_l+    514696K            nid[001271,001+ 
3359847.119  alya_3D_l+    500180K            nid[001253-001+ 
3359847.120  alya_3D_l+    500324K            nid[001000,001+ 
3359847.121  alya_3D_l+    499924K            nid[001000,001+ 
3359847.122  alya_3D_l+    517420K            nid[001921-001+ 
3359847.123  alya_3D_l+    500288K            nid[001000,001+ 
3359847.124  alya_3D_l+    500252K            nid[001122,001+ 
3359847.125  alya_3D_l+    500112K            nid[001271,001+ 
3359847.126  alya_3D_l+    501160K            nid[001312,001+ 
3359847.127  alya_3D_l+    516160K            nid[001253-001+ 
3359847.128  alya_3D_l+    500292K            nid[001921-001+ 
3359847.129  alya_3D_l+    499960K            nid[001000,001+ 
3359847.130  alya_3D_l+    500520K            nid[001030-001+ 
3359847.131  alya_3D_l+    500332K            nid[001064,001+ 
3359847.132  alya_3D_l+    500108K            nid[001000,001+ 
3359847.133  alya_3D_l+    500044K            nid[001122,001+ 
3359847.134  alya_3D_l+    515948K            nid[001122,001+ 
3359847.135  alya_3D_l+    500096K            nid[001420-001+ 
3359847.136  alya_3D_l+    501392K            nid[001420-001+ 
3359847.137  alya_3D_l+    500152K            nid[001253-001+ 
3359847.138  alya_3D_l+    500460K            nid[001000,001+ 
3359847.139  alya_3D_l+    488.50M            nid[001000,001+ 
3359847.140  alya_3D_l+    500484K            nid[001122,001+ 
3359847.141  alya_3D_l+    500700K            nid[001921-001+ 
3359847.142  alya_3D_l+    500096K            nid[001030-001+ 
3359847.143  alya_3D_l+    500156K            nid[001000,001+ 
3359847.144  alya_3D_l+    500140K            nid[001271,001+ 
3359847.145  alya_3D_l+    500368K            nid[001253-001+ 
3359847.146  alya_3D_l+    500648K            nid[001122,001+ 
3359847.147  alya_3D_l+    515116K            nid[001921-001+ 
3359847.148  alya_3D_l+    500240K            nid[001420-001+ 
3359847.149  alya_3D_l+    516216K            nid[002657,002+ 
3359847.150  alya_3D_l+    515332K            nid[001000,001+ 
3359847.151  alya_3D_l+    499880K            nid[001253-001+ 
3359847.152  alya_3D_l+    516180K            nid[001122,001+ 
3359847.153  alya_3D_l+    501724K            nid[001122,001+ 
3359847.154  alya_3D_l+    500660K            nid[001420-001+ 
3359847.155  alya_3D_l+    500360K            nid[002657,002+ 
3359847.156  alya_3D_l+    500196K            nid[001000,001+ 
3359847.157  alya_3D_l+    500180K            nid[001253-001+ 
3359847.158  alya_3D_l+    500212K            nid[001431,001+ 
3359847.159  alya_3D_l+    516464K            nid[001420-001+ 
3359847.160  alya_3D_l+    499908K            nid[001122,001+ 
3359847.161  alya_3D_l+    500636K            nid[001122,001+ 
3359847.162  alya_3D_l+    501976K            nid[001000,001+ 
3359847.163  alya_3D_l+    500376K            nid[001000,001+ 
3359847.164  alya_3D_l+    499900K            nid[001271,001+ 
3359847.165  alya_3D_l+    521588K            nid[001253-001+ 
3359847.166  alya_3D_l+    500172K            nid[002657,002+ 
3359847.167  alya_3D_l+    500740K            nid[001122,001+ 
3359847.168  alya_3D_l+    499868K            nid[001921-001+ 
3359847.169  alya_3D_l+    501952K            nid[002657,002+ 
3359847.170  alya_3D_l+    501500K            nid[001122,001+ 
3359847.171  alya_3D_l+    501648K            nid[001122,001+ 
3359847.172  alya_3D_l+    500044K            nid[001000,001+ 
3359847.173  alya_3D_l+    500008K            nid[001253-001+ 
3359847.174  alya_3D_l+    500572K            nid[001921-001+ 
3359847.175  alya_3D_l+    499968K            nid[002657,002+ 
3359847.176  alya_3D_l+    500252K            nid[001000,001+ 
3359847.177  alya_3D_l+    500772K            nid[001030-001+ 
3359847.178  alya_3D_l+    516152K            nid[001000,001+ 
3359847.179  alya_3D_l+    500084K            nid[001921-001+ 
3359847.180  alya_3D_l+    500152K            nid[002657,002+ 
3359847.181  alya_3D_l+    500192K            nid[001253-001+ 
3359847.182  alya_3D_l+    516448K            nid[001122,001+ 
3359847.183  alya_3D_l+    515264K            nid[001420-001+ 
3359847.184  alya_3D_l+    500540K            nid[001253-001+ 
3359847.185  alya_3D_l+    516284K            nid[001271,001+ 
3359847.186  alya_3D_l+    500328K            nid[001000,001+ 
3359847.187  alya_3D_l+    500368K            nid[001000,001+ 
3359847.188  alya_3D_l+    500260K            nid[001122,001+ 
3359847.189  alya_3D_l+    499936K            nid[001420-001+ 
3359847.190  alya_3D_l+    500148K            nid[001431,001+ 
3359847.191  alya_3D_l+    516416K            nid[001000,001+ 
3359847.192  alya_3D_l+    500244K            nid[001000,001+ 
3359847.193  alya_3D_l+    516324K            nid[001253-001+ 
3359847.194  alya_3D_l+    499836K            nid[001122,001+ 
3359847.195  alya_3D_l+    500160K            nid[001122,001+ 
3359847.196  alya_3D_l+    502320K            nid[001149,001+ 
3359847.197  alya_3D_l+    500088K            nid[001122,001+ 
3359847.198  alya_3D_l+    500132K            nid[001253-001+ 
3359847.199  alya_3D_l+    500216K            nid[001000,001+ 
3359847.200  alya_3D_l+    532892K            nid[001000,001+ 
3359847.201  alya_3D_l+    502116K            nid[001122,001+ 
3359847.202  alya_3D_l+    499912K            nid[001149,001+ 
3359847.203  alya_3D_l+    515664K            nid[001194,001+ 
3359847.204  alya_3D_l+    500120K            nid[001030-001+ 
3359847.205  alya_3D_l+    515212K            nid[001000,001+ 
3359847.206  alya_3D_l+    539868K            nid[001420-001+ 
3359847.207  alya_3D_l+    500068K            nid[001921-001+ 
3359847.208  alya_3D_l+    500472K            nid[001253-001+ 
3359847.209  alya_3D_l+    500200K            nid[002657,002+ 
3359847.210  alya_3D_l+    517236K            nid[001000,001+ 
3359847.211  alya_3D_l+    500308K            nid[001122,001+ 
3359847.212  alya_3D_l+    500256K            nid[001420-001+ 
3359847.213  alya_3D_l+    500364K            nid[001921-001+ 
3359847.214  alya_3D_l+    500340K            nid[001253-001+ 
3359847.215  alya_3D_l+    500232K            nid[001921-001+ 
3359847.216  alya_3D_l+    516076K            nid[001000,001+ 
3359847.217  alya_3D_l+    500520K            nid[001000,001+ 
3359847.218  alya_3D_l+    500588K            nid[001149,001+ 
3359847.219  alya_3D_l+    516180K            nid[001122,001+ 
3359847.220  alya_3D_l+    500124K            nid[001253-001+ 
3359847.221  alya_3D_l+    500056K            nid[002657,002+ 
3359847.222  alya_3D_l+    500008K            nid[001000,001+ 
3359847.223  alya_3D_l+    516248K            nid[001030-001+ 
3359847.224  alya_3D_l+    517608K            nid[001064,001+ 
3359847.225  alya_3D_l+    500504K            nid[001000,001+ 
3359847.226  alya_3D_l+    500212K            nid[001122,001+ 
3359847.227  alya_3D_l+    500188K            nid[002657,002+ 
3359847.228  alya_3D_l+    500016K            nid[001420-001+ 
3359847.229  alya_3D_l+    500044K            nid[001149,001+ 
3359847.230  alya_3D_l+    500180K            nid[001000,001+ 
3359847.231  alya_3D_l+    499976K            nid[001030-001+ 
3359847.232  alya_3D_l+    500252K            nid[001000,001+ 
3359847.233  alya_3D_l+    499664K            nid[002657,002+ 
3359847.234  alya_3D_l+    500148K            nid[001253-001+ 
3359847.235  alya_3D_l+    500228K            nid[001253-001+ 
3359847.236  alya_3D_l+    516312K            nid[001431,001+ 
3359847.237  alya_3D_l+    500580K            nid[001122,001+ 
3359847.238  alya_3D_l+    500200K            nid[001000,001+ 
3359847.239  alya_3D_l+    512836K            nid[001000,001+ 
3359847.240  alya_3D_l+    500208K            nid[001253-001+ 
3359847.241  alya_3D_l+    500152K            nid[001253-001+ 
3359847.242  alya_3D_l+    503632K            nid[002657,002+ 
3359847.243  alya_3D_l+    500244K            nid[001000,001+ 
3359847.244  alya_3D_l+    520708K            nid[001000,001+ 
3359847.245  alya_3D_l+    514952K            nid[001122,001+ 
3359847.246  alya_3D_l+    500576K            nid[001921-001+ 
3359847.247  alya_3D_l+    500212K            nid[001253-001+ 
3359847.248  alya_3D_l+    515752K            nid[001253-001+ 
3359847.249  alya_3D_l+    500252K            nid[001000,001+ 
3359847.250  alya_3D_l+    500648K            nid[001000,001+ 
3359847.251  alya_3D_l+    500508K            nid[001149,001+ 
3359847.252  alya_3D_l+    500272K            nid[001122,001+ 
3359847.253  alya_3D_l+    500104K            nid[002657,002+ 
3359847.254  alya_3D_l+    518648K            nid[001253-001+ 
3359847.255  alya_3D_l+    516220K            nid[001420-001+ 
3359847.256  alya_3D_l+    500064K            nid[001921-001+ 
3359847.257  alya_3D_l+    499940K            nid[001000,001+ 
3359847.258  alya_3D_l+    500600K            nid[002657,002+ 
3359847.259  alya_3D_l+    515856K            nid[001122,001+ 
3359847.260  alya_3D_l+    500136K            nid[001420-001+ 
3359847.261  alya_3D_l+    500040K            nid[001253-001+ 
3359847.262  alya_3D_l+    500036K            nid[001253-001+ 
3359847.263  alya_3D_l+    500096K            nid[001122,001+ 
3359847.264  alya_3D_l+    516660K            nid[001000,001+ 
3359847.265  alya_3D_l+    500424K            nid[001000,001+ 
3359847.266  alya_3D_l+    500040K            nid[001420-001+ 
3359847.267  alya_3D_l+    500248K            nid[001122,001+ 
3359847.268  alya_3D_l+    500036K            nid[001271,001+ 
3359847.269  alya_3D_l+    500188K            nid[001253-001+ 
3359847.270  alya_3D_l+    499820K            nid[001000,001+ 
3359847.271  alya_3D_l+    500084K            nid[001030-001+ 
3359847.272  alya_3D_l+    500292K            nid[001000,001+ 
3359847.273  alya_3D_l+    500360K            nid[001122,001+ 
3359847.274  alya_3D_l+    516360K            nid[001122,001+ 
3359847.275  alya_3D_l+    500328K            nid[001253-001+ 
3359847.276  alya_3D_l+    499960K            nid[001000,001+ 
3359847.277  alya_3D_l+    516144K            nid[001000,001+ 
3359847.278  alya_3D_l+    502116K            nid[002657,002+ 
3359847.279  alya_3D_l+    516208K            nid[001921-001+ 
3359847.280  alya_3D_l+    500716K            nid[001122,001+ 
3359847.281  alya_3D_l+    500052K            nid[001122,001+ 
3359847.282  alya_3D_l+    500380K            nid[001000,001+ 
3359847.283  alya_3D_l+    500184K            nid[001000,001+ 
3359847.284  alya_3D_l+    500160K            nid[001921-001+ 
3359847.285  alya_3D_l+    500428K            nid[001921-001+ 
3359847.286  alya_3D_l+    500132K            nid[001253-001+ 
3359847.287  alya_3D_l+    500496K            nid[001122,001+ 
3359847.288  alya_3D_l+    500016K            nid[001000,001+ 
3359847.289  alya_3D_l+    500084K            nid[001000,001+ 
3359847.290  alya_3D_l+    500056K            nid[001253-001+ 
3359847.291  alya_3D_l+    500148K            nid[001271,001+ 
3359847.292  alya_3D_l+    516536K            nid[001253-001+ 
3359847.293  alya_3D_l+    499908K            nid[001000,001+ 
3359847.294  alya_3D_l+    500244K            nid[001030-001+ 
3359847.295  alya_3D_l+    501292K            nid[001000,001+ 
3359847.296  alya_3D_l+    516076K            nid[001253-001+ 
3359847.297  alya_3D_l+    500312K            nid[001271,001+ 
3359847.298  alya_3D_l+    515356K            nid[001253-001+ 
3359847.299  alya_3D_l+    502024K            nid[001420-001+ 
3359847.300  alya_3D_l+    500520K            nid[001000,001+ 
3359847.301  alya_3D_l+    500428K            nid[001122,001+ 
3359847.302  alya_3D_l+    500476K            nid[001420-001+ 
3359847.303  alya_3D_l+    500496K            nid[001253-001+ 
3359847.304  alya_3D_l+    499992K            nid[002630-002+ 
3359847.305  alya_3D_l+    516364K            nid[001921-001+ 
3359847.306  alya_3D_l+    500384K            nid[001000,001+ 
3359847.307  alya_3D_l+    500124K            nid[001122,001+ 
3359847.308  alya_3D_l+    500236K            nid[001420-001+ 
3359847.309  alya_3D_l+    500056K            nid[001000,001+ 
3359847.310  alya_3D_l+    500376K            nid[001253-001+ 
3359847.311  alya_3D_l+    500152K            nid[001921-001+ 
3359847.312  alya_3D_l+    501560K            nid[001921-001+ 
3359847.313  alya_3D_l+    500416K            nid[001122,001+ 
3359847.314  alya_3D_l+    499872K            nid[001420-001+ 
3359847.315  alya_3D_l+    500448K            nid[001000,001+ 
3359847.316  alya_3D_l+    500028K            nid[001253-001+ 
3359847.317  alya_3D_l+    500344K            nid[002630-002+ 
3359847.318  alya_3D_l+    500472K            nid[001921-001+ 
3359847.319  alya_3D_l+    500512K            nid[001122,001+ 
3359847.320  alya_3D_l+    500656K            nid[001420-001+ 
3359847.321  alya_3D_l+    502180K            nid[001000,001+ 
3359847.322  alya_3D_l+    516200K            nid[001253-001+ 
3359847.323  alya_3D_l+    500412K            nid[002630-002+ 
3359847.324  alya_3D_l+    500388K            nid[001921-001+ 
3359847.325  alya_3D_l+    499820K            nid[001000,001+ 
3359847.326  alya_3D_l+    500600K            nid[001149,001+ 
3359847.327  alya_3D_l+    500444K            nid[001122,001+ 
3359847.328  alya_3D_l+    516148K            nid[001253-001+ 
3359847.329  alya_3D_l+    499980K            nid[002657,002+ 
3359847.330  alya_3D_l+    500084K            nid[001000,001+ 
3359847.331  alya_3D_l+    500452K            nid[001000,001+ 
3359847.332  alya_3D_l+    500436K            nid[001122,001+ 
3359847.333  alya_3D_l+    500284K            nid[001122,001+ 
3359847.334  alya_3D_l+    500020K            nid[001030-001+ 
3359847.335  alya_3D_l+    500468K            nid[001064,001+ 
3359847.336  alya_3D_l+    499844K            nid[001000,001+ 
3359847.337  alya_3D_l+    516640K            nid[001122,001+ 
3359847.338  alya_3D_l+    516164K            nid[001122,001+ 
3359847.339  alya_3D_l+    500672K            nid[001420-001+ 
3359847.340  alya_3D_l+    488.50M            nid[002657,002+ 
3359847.341  alya_3D_l+    500128K            nid[001000,001+ 
3359847.342  alya_3D_l+    503188K            nid[001000,001+ 
3359847.343  alya_3D_l+    515580K            nid[001122,001+ 
3359847.344  alya_3D_l+    500148K            nid[001420-001+ 
3359847.345  alya_3D_l+    514976K            nid[001921-001+ 
3359847.346  alya_3D_l+    499908K            nid[002657,002+ 
3359847.347  alya_3D_l+    499840K            nid[001000,001+ 
3359847.348  alya_3D_l+    500256K            nid[001000,001+ 
3359847.349  alya_3D_l+    500088K            nid[001122,001+ 
3359847.350  alya_3D_l+    500072K            nid[001431,001+ 
3359847.351  alya_3D_l+    516628K            nid[001420-001+ 
3359847.352  alya_3D_l+    501752K            nid[001921-001+ 
3359847.353  alya_3D_l+    516136K            nid[001000,001+ 
3359847.354  alya_3D_l+    500148K            nid[001000,001+ 
3359847.355  alya_3D_l+    500144K            nid[001122,001+ 
3359847.356  alya_3D_l+    499924K            nid[001122,001+ 
3359847.357  alya_3D_l+    516132K            nid[001420-001+ 
3359847.358  alya_3D_l+    500140K            nid[001921-001+ 
3359847.359  alya_3D_l+    500176K            nid[001253-001+ 
3359847.360  alya_3D_l+    500104K            nid[001000,001+ 
3359847.361  alya_3D_l+    516312K            nid[002657,002+ 
3359847.362  alya_3D_l+    500308K            nid[001253-001+ 
3359847.363  alya_3D_l+    500384K            nid[001493-001+ 
3359847.364  alya_3D_l+    500208K            nid[001420-001+ 
3359847.365  alya_3D_l+    500228K            nid[001122,001+ 
3359847.366  alya_3D_l+    500652K            nid[002657,002+ 
3359847.367  alya_3D_l+    499948K            nid[001000,001+ 
3359847.368  alya_3D_l+    500408K            nid[001253-001+ 
3359847.369  alya_3D_l+    515620K            nid[001122,001+ 
3359847.370  alya_3D_l+    517984K            nid[001122,001+ 
3359847.371  alya_3D_l+    499856K            nid[001420-001+ 
3359847.372  alya_3D_l+    500132K            nid[002657,002+ 
3359847.373  alya_3D_l+    500288K            nid[001000,001+ 
3359847.374  alya_3D_l+    499944K            nid[001000,001+ 
3359847.375  alya_3D_l+    500532K            nid[001921-001+ 
3359847.376  alya_3D_l+    500268K            nid[001122,001+ 
3359847.377  alya_3D_l+    500284K            nid[001149,001+ 
3359847.378  alya_3D_l+    500600K            nid[001122,001+ 
3359847.379  alya_3D_l+    500536K            nid[001253-001+ 
3359847.380  alya_3D_l+    500512K            nid[001000,001+ 
3359847.381  alya_3D_l+    500408K            nid[001431,001+ 
3359847.382  alya_3D_l+    500712K            nid[001420-001+ 
3359847.383  alya_3D_l+    500904K            nid[001122,001+ 
3359847.384  alya_3D_l+    515100K            nid[001122,001+ 
3359847.385  alya_3D_l+    500196K            nid[001253-001+ 
3359847.386  alya_3D_l+    516344K            nid[001000,001+ 
3359847.387  alya_3D_l+    500128K            nid[001000,001+ 
3359847.388  alya_3D_l+    503.50M            nid[001921-001+ 
3359847.389  alya_3D_l+    516372K            nid[001122,001+ 
3359847.390  alya_3D_l+    499992K            nid[001122,001+ 
3359847.391  alya_3D_l+    500076K            nid[001253-001+ 
3359847.392  alya_3D_l+    499768K            nid[001000,001+ 
3359847.393  alya_3D_l+    500516K            nid[001431,001+ 
3359847.394  alya_3D_l+    505248K            nid[001420-001+ 
3359847.395  alya_3D_l+    516048K            nid[002657,002+ 
3359847.396  alya_3D_l+    499848K            nid[001000,001+ 
3359847.397  alya_3D_l+    500084K            nid[001030-001+ 
3359847.398  alya_3D_l+    500524K            nid[001000,001+ 
3359847.399  alya_3D_l+    500500K            nid[001431,001+ 
3359847.400  alya_3D_l+    500308K            nid[001420-001+ 
3359847.401  alya_3D_l+    500008K            nid[002657,002+ 
3359847.402  alya_3D_l+    516036K            nid[001122,001+ 
3359847.403  alya_3D_l+    500488K            nid[001271,001+ 
3359847.404  alya_3D_l+    500556K            nid[001253-001+ 
3359847.405  alya_3D_l+    500628K            nid[001493-001+ 
3359847.406  alya_3D_l+    500404K            nid[001000,001+ 
3359847.407  alya_3D_l+    500564K            nid[001000,001+ 
3359847.408  alya_3D_l+    500180K            nid[001122,001+ 
3359847.409  alya_3D_l+    516528K            nid[001921-001+ 
3359847.410  alya_3D_l+    500124K            nid[001253-001+ 
3359847.411  alya_3D_l+    500028K            nid[001030-001+ 
3359847.412  alya_3D_l+    500012K            nid[001000,001+ 
3359847.413  alya_3D_l+    500236K            nid[001420-001+ 
3359847.414  alya_3D_l+    500136K            nid[001122,001+ 
3359847.415  alya_3D_l+    500568K            nid[001921-001+ 
3359847.416  alya_3D_l+    499912K            nid[002657,002+ 
3359847.417  alya_3D_l+    517268K            nid[001000,001+ 
3359847.418  alya_3D_l+    500304K            nid[001030-001+ 
3359847.419  alya_3D_l+    505540K            nid[001000,001+ 
3359847.420  alya_3D_l+    500120K            nid[001122,001+ 
3359847.421  alya_3D_l+    516524K            nid[001921-001+ 
3359847.422  alya_3D_l+    499972K            nid[001420-001+ 
3359847.423  alya_3D_l+    515936K            nid[001253-001+ 
3359847.424  alya_3D_l+    500476K            nid[001000,001+ 
3359847.425  alya_3D_l+    499960K            nid[001000,001+ 
3359847.426  alya_3D_l+    500396K            nid[001122,001+ 
3359847.427  alya_3D_l+    500136K            nid[002657,002+ 
3359847.428  alya_3D_l+    500228K            nid[001420-001+ 
3359847.429  alya_3D_l+    500248K            nid[001420-001+ 
3359847.430  alya_3D_l+    517096K            nid[001000,001+ 
3359847.431  alya_3D_l+    516276K            nid[001000,001+ 
3359847.432  alya_3D_l+    500356K            nid[001253-001+ 
3359847.433  alya_3D_l+    500240K            nid[002657,002+ 
3359847.434  alya_3D_l+    516408K            nid[001420-001+ 
3359847.435  alya_3D_l+    500244K            nid[001420-001+ 
3359847.436  alya_3D_l+    515948K            nid[001122,001+ 
3359847.437  alya_3D_l+    500732K            nid[001122,001+ 
3359847.438  alya_3D_l+    500376K            nid[001000,001+ 
3359847.439  alya_3D_l+    500460K            nid[001000,001+ 
3359847.440  alya_3D_l+    500164K            nid[001420-001+ 
3359847.441  alya_3D_l+    500232K            nid[001420-001+ 
3359847.442  alya_3D_l+    500688K            nid[001122,001+ 
3359847.443  alya_3D_l+    500160K            nid[001030-001+ 
3359847.444  alya_3D_l+    500120K            nid[001000,001+ 
3359847.445  alya_3D_l+    500148K            nid[001253-001+ 
3359847.446  alya_3D_l+    500428K            nid[001921-001+ 
3359847.447  alya_3D_l+    499904K            nid[001420-001+ 
3359847.448  alya_3D_l+    516120K            nid[002657,002+ 
3359847.449  alya_3D_l+    514968K            nid[001000,001+ 
3359847.450  alya_3D_l+    515520K            nid[001000,001+ 
3359847.451  alya_3D_l+    500608K            nid[001122,001+ 
3359847.452  alya_3D_l+    500136K            nid[001271,001+ 
3359847.453  alya_3D_l+    516604K            nid[001253-001+ 
3359847.454  alya_3D_l+    500076K            nid[002657,002+ 
3359847.455  alya_3D_l+    516332K            nid[001000,001+ 
3359847.456  alya_3D_l+    500052K            nid[001030-001+ 
3359847.457  alya_3D_l+    500184K            nid[001064,001+ 
3359847.458  alya_3D_l+    500324K            nid[001106,001+ 
3359847.459  alya_3D_l+    500988K            nid[001000,001+ 
3359847.460  alya_3D_l+    500008K            nid[002657,002+ 
3359847.461  alya_3D_l+    500340K            nid[001122,001+ 
3359847.462  alya_3D_l+    499916K            nid[001122,001+ 
3359847.463  alya_3D_l+    500160K            nid[001000,001+ 
3359847.464  alya_3D_l+    500112K            nid[001030-001+ 
3359847.465  alya_3D_l+    499924K            nid[001064,001+ 
3359847.466  alya_3D_l+    500136K            nid[001000,001+ 
3359847.467  alya_3D_l+    516476K            nid[001122,001+ 
3359847.468  alya_3D_l+    500212K            nid[001149,001+ 
3359847.469  alya_3D_l+    499916K            nid[001194,001+ 
3359847.470  alya_3D_l+    500132K            nid[001218,001+ 
3359847.471  alya_3D_l+    516240K            nid[001000,001+ 
3359847.472  alya_3D_l+    516892K            nid[001000,001+ 
3359847.473  alya_3D_l+    500164K            nid[001253-001+ 
3359847.474  alya_3D_l+    500120K            nid[001030-001+ 
3359847.475  alya_3D_l+    500072K            nid[001064,001+ 
3359847.476  alya_3D_l+    500124K            nid[001106,001+ 
3359847.477  alya_3D_l+    500340K            nid[001000,001+ 
3359847.478  alya_3D_l+    500388K            nid[001122,001+ 
3359847.479  alya_3D_l+    500276K            nid[001420-001+ 
3359847.480  alya_3D_l+    516056K            nid[002657,002+ 
3359847.481  alya_3D_l+    500376K            nid[001000,001+ 
3359847.482  alya_3D_l+    516652K            nid[001030-001+ 
3359847.483  alya_3D_l+    500712K            nid[001000,001+ 
3359847.484  alya_3D_l+    500236K            nid[001122,001+ 
3359847.485  alya_3D_l+    516340K            nid[001420-001+ 
3359847.486  alya_3D_l+    500048K            nid[002657,002+ 
3359847.487  alya_3D_l+    500308K            nid[001149,001+ 
3359847.488  alya_3D_l+    516152K            nid[001122,001+ 
3359847.489  alya_3D_l+    500244K            nid[001000,001+ 
3359847.490  alya_3D_l+    500100K            nid[001000,001+ 
3359847.491  alya_3D_l+    500100K            nid[001420-001+ 
3359847.492  alya_3D_l+    499916K            nid[002657,002+ 
3359847.493  alya_3D_l+    516200K            nid[001122,001+ 
3359847.494  alya_3D_l+    499840K            nid[001000,001+ 
3359847.495  alya_3D_l+    500584K            nid[001030-001+ 
3359847.496  alya_3D_l+    500104K            nid[001000,001+ 
3359847.497  alya_3D_l+    500352K            nid[001420-001+ 
3359847.498  alya_3D_l+    500312K            nid[002657,002+ 
3359847.499  alya_3D_l+    500296K            nid[001253-001+ 
3359847.500  alya_3D_l+    500320K            nid[001431,001+ 
3359847.501  alya_3D_l+    500272K            nid[001420-001+ 
3359847.502  alya_3D_l+    500308K            nid[001122,001+ 
3359847.503  alya_3D_l+    504240K            nid[001000,001+ 
3359847.504  alya_3D_l+    500136K            nid[001000,001+ 
3359847.505  alya_3D_l+    500576K            nid[001253-001+ 
3359847.506  alya_3D_l+    500192K            nid[001030-001+ 
3359847.507  alya_3D_l+    516264K            nid[001064,001+ 
3359847.508  alya_3D_l+    500516K            nid[001106,001+ 
3359847.509  alya_3D_l+    500404K            nid[001000,001+ 
3359847.510  alya_3D_l+    516576K            nid[001122,001+ 
3359847.511  alya_3D_l+    500616K            nid[001122,001+ 
3359847.512  alya_3D_l+    500168K            nid[001921-001+ 
3359847.513  alya_3D_l+    500120K            nid[002657,002+ 
3359847.514  alya_3D_l+    500476K            nid[001000,001+ 
3359847.515  alya_3D_l+    515692K            nid[001000,001+ 
3359847.516  alya_3D_l+    516208K            nid[001122,001+ 
3359847.517  alya_3D_l+    500656K            nid[001253-001+ 
3359847.518  alya_3D_l+    500280K            nid[001921-001+ 
3359847.519  alya_3D_l+    500108K            nid[002657,002+ 
3359847.520  alya_3D_l+    499864K            nid[001271,001+ 
3359847.521  alya_3D_l+    502068K            nid[001000,001+ 
3359847.522  alya_3D_l+    500160K            nid[001000,001+ 
3359847.523  alya_3D_l+    501956K            nid[001122,001+ 
3359847.524  alya_3D_l+    500056K            nid[001921-001+ 
3359847.525  alya_3D_l+    499952K            nid[002657,002+ 
3359847.526  alya_3D_l+    500480K            nid[001000,001+ 
3359847.527  alya_3D_l+    515960K            nid[001030-001+ 
3359847.528  alya_3D_l+    516064K            nid[001064,001+ 
3359847.529  alya_3D_l+    500376K            nid[001106,001+ 
3359847.530  alya_3D_l+    516652K            nid[001253-001+ 
3359847.531  alya_3D_l+    500228K            nid[001000,001+ 
3359847.532  alya_3D_l+    499888K            nid[001122,001+ 
3359847.533  alya_3D_l+    515912K            nid[001000,001+ 
3359847.534  alya_3D_l+    500448K            nid[001030-001+ 
3359847.535  alya_3D_l+    501044K            nid[001064,001+ 
3359847.536  alya_3D_l+    500400K            nid[001106,001+ 
3359847.537  alya_3D_l+    516084K            nid[001000,001+ 
3359847.538  alya_3D_l+    500140K            nid[001921-001+ 
3359847.539  alya_3D_l+    500632K            nid[001122,001+ 
3359847.540  alya_3D_l+    500316K            nid[001122,001+ 
3359847.541  alya_3D_l+    500468K            nid[001253-001+ 
3359847.542  alya_3D_l+    503308K            nid[001000,001+ 
3359847.543  alya_3D_l+    503448K            nid[001000,001+ 
3359847.544  alya_3D_l+    500364K            nid[001921-001+ 
3359847.545  alya_3D_l+    500296K            nid[001122,001+ 
3359847.546  alya_3D_l+    500204K            nid[001122,001+ 
3359847.547  alya_3D_l+    500380K            nid[002640-002+ 
3359847.548  alya_3D_l+    499848K            nid[001921-001+ 
3359847.549  alya_3D_l+    499908K            nid[001000,001+ 
3359847.550  alya_3D_l+    500100K            nid[001253-001+ 
3359847.551  alya_3D_l+    516648K            nid[001420-001+ 
3359847.552  alya_3D_l+    500016K            nid[001122,001+ 
3359847.553  alya_3D_l+    500940K            nid[001921-001+ 
3359847.554  alya_3D_l+    500124K            nid[002657,002+ 
3359847.555  alya_3D_l+    500148K            nid[001000,001+ 
3359847.556  alya_3D_l+    500052K            nid[001253-001+ 
3359847.557  alya_3D_l+    500260K            nid[001420-001+ 
3359847.558  alya_3D_l+    500436K            nid[001122,001+ 
3359847.559  alya_3D_l+    500128K            nid[001000,001+ 
3359847.560  alya_3D_l+    516820K            nid[001921-001+ 
3359847.561  alya_3D_l+    513964K            nid[001253-001+ 
3359847.562  alya_3D_l+    500796K            nid[001253-001+ 
3359847.563  alya_3D_l+    500176K            nid[001122,001+ 
3359847.564  alya_3D_l+    515616K            nid[001122,001+ 
3359847.565  alya_3D_l+    499860K            nid[001000,001+ 
3359847.566  alya_3D_l+    500544K            nid[001253-001+ 
3359847.567  alya_3D_l+    501128K            nid[001921-001+ 
3359847.568  alya_3D_l+    500168K            nid[002657,002+ 
3359847.569  alya_3D_l+    516112K            nid[001122,001+ 
3359847.570  alya_3D_l+    502228K            nid[001420-001+ 
3359847.571  alya_3D_l+    500240K            nid[001000,001+ 
3359847.572  alya_3D_l+    500712K            nid[001000,001+ 
3359847.573  alya_3D_l+    500356K            nid[001921-001+ 
3359847.574  alya_3D_l+    516060K            nid[002657,002+ 
3359847.575  alya_3D_l+    500076K            nid[001122,001+ 
3359847.576  alya_3D_l+    516204K            nid[001000,001+ 
3359847.577  alya_3D_l+    500248K            nid[001030-001+ 
3359847.578  alya_3D_l+    500428K            nid[001000,001+ 
3359847.579  alya_3D_l+    514188K            nid[001122,001+ 
3359847.580  alya_3D_l+    500048K            nid[001122,001+ 
3359847.581  alya_3D_l+    499896K            nid[002657,002+ 
3359847.582  alya_3D_l+    500280K            nid[001420-001+ 
3359847.583  alya_3D_l+    515904K            nid[001000,001+ 
3359847.584  alya_3D_l+    505912K            nid[001000,001+ 
3359847.585  alya_3D_l+    499988K            nid[001122,001+ 
3359847.586  alya_3D_l+    500292K            nid[001122,001+ 
3359847.587  alya_3D_l+    488.50M            nid[001431,001+ 
3359847.588  alya_3D_l+    500432K            nid[001420-001+ 
3359847.589  alya_3D_l+    500508K            nid[001000,001+ 
3359847.590  alya_3D_l+    500212K            nid[001000,001+ 
3359847.591  alya_3D_l+    500236K            nid[001921-001+ 
3359847.592  alya_3D_l+    500284K            nid[001122,001+ 
3359847.593  alya_3D_l+    500080K            nid[001122,001+ 
3359847.594  alya_3D_l+    500080K            nid[001271,001+ 
3359847.595  alya_3D_l+    500096K            nid[001253-001+ 
3359847.596  alya_3D_l+    516164K            nid[001000,001+ 
3359847.597  alya_3D_l+    500088K            nid[001000,001+ 
3359847.598  alya_3D_l+    500232K            nid[001122,001+ 
3359847.599  alya_3D_l+    500320K            nid[001149,001+ 
3359847.600  alya_3D_l+       504M            nid[001122,001+ 
3359847.601  alya_3D_l+    516092K            nid[002630-002+ 
3359847.602  alya_3D_l+    500228K            nid[001000,001+ 
3359847.603  alya_3D_l+    516344K            nid[001000,001+ 
3359847.604  alya_3D_l+    500384K            nid[001253-001+ 
3359847.605  alya_3D_l+    500240K            nid[001000,001+ 
3359847.606  alya_3D_l+    500588K            nid[001030-001+ 
3359847.607  alya_3D_l+    515340K            nid[001000,001+ 
3359847.608  alya_3D_l+    516080K            nid[001122,001+ 
3359847.609  alya_3D_l+    500132K            nid[002657,002+ 
3359847.610  alya_3D_l+       505M            nid[001253-001+ 
3359847.611  alya_3D_l+    500172K            nid[001253-001+ 
3359847.612  alya_3D_l+    500040K            nid[001000,001+ 
3359847.613  alya_3D_l+    499948K            nid[001000,001+ 
3359847.614  alya_3D_l+    500148K            nid[001122,001+ 
3359847.615  alya_3D_l+    500612K            nid[001420-001+ 
3359847.616  alya_3D_l+    500260K            nid[001253-001+ 
3359847.617  alya_3D_l+    516468K            nid[001253-001+ 
3359847.618  alya_3D_l+    500252K            nid[001000,001+ 
3359847.619  alya_3D_l+    500212K            nid[001122,001+ 
3359847.620  alya_3D_l+    501748K            nid[001921-001+ 
3359847.621  alya_3D_l+    500132K            nid[001253-001+ 
3359847.622  alya_3D_l+    500288K            nid[001271,001+ 
3359847.623  alya_3D_l+    500504K            nid[001253-001+ 
3359847.624  alya_3D_l+    499876K            nid[001000,001+ 
3359847.625  alya_3D_l+    516180K            nid[001122,001+ 
3359847.626  alya_3D_l+    500384K            nid[001122,001+ 
3359847.627  alya_3D_l+    500164K            nid[001000,001+ 
3359847.628  alya_3D_l+    499924K            nid[001030-001+ 
3359847.629  alya_3D_l+    499900K            nid[001064,001+ 
3359847.630  alya_3D_l+    516260K            nid[001000,001+ 
3359847.631  alya_3D_l+    500236K            nid[001253-001+ 
3359847.632  alya_3D_l+    500168K            nid[001253-001+ 
3359847.633  alya_3D_l+    516740K            nid[001000,001+ 
3359847.634  alya_3D_l+    500008K            nid[001030-001+ 
3359847.635  alya_3D_l+    502356K            nid[001064,001+ 
3359847.636  alya_3D_l+    500040K            nid[001000,001+ 
3359847.637  alya_3D_l+    500152K            nid[001122,001+ 
3359847.638  alya_3D_l+    500164K            nid[001149,001+ 
3359847.639  alya_3D_l+    505204K            nid[001194,001+ 
3359847.640  alya_3D_l+    500448K            nid[001122,001+ 
3359847.641  alya_3D_l+    516232K            nid[001000,001+ 
3359847.642  alya_3D_l+    505620K            nid[001000,001+ 
3359847.643  alya_3D_l+    500520K            nid[001253-001+ 
3359847.644  alya_3D_l+    500424K            nid[002657,002+ 
3359847.645  alya_3D_l+    500592K            nid[001030-001+ 
3359847.646  alya_3D_l+    500492K            nid[001000,001+ 
3359847.647  alya_3D_l+    500664K            nid[001122,001+ 
3359847.648  alya_3D_l+    500252K            nid[001420-001+ 
3359847.649  alya_3D_l+    516536K            nid[001253-001+ 
3359847.650  alya_3D_l+    500432K            nid[002657,002+ 
3359847.651  alya_3D_l+    499884K            nid[001000,001+ 
3359847.652  alya_3D_l+    499980K            nid[001149,001+ 
3359847.653  alya_3D_l+    500016K            nid[001122,001+ 
3359847.654  alya_3D_l+    502512K            nid[001420-001+ 
3359847.655  alya_3D_l+    500380K            nid[001000,001+ 
3359847.656  alya_3D_l+    500148K            nid[001000,001+ 
3359847.657  alya_3D_l+    500560K            nid[001253-001+ 
3359847.658  alya_3D_l+    500536K            nid[001122,001+ 
3359847.659  alya_3D_l+    500144K            nid[001149,001+ 
3359847.660  alya_3D_l+    517424K            nid[001122,001+ 
3359847.661  alya_3D_l+    500004K            nid[001921-001+ 
3359847.662  alya_3D_l+    499996K            nid[002657,002+ 
3359847.663  alya_3D_l+    500244K            nid[001420-001+ 
3359847.664  alya_3D_l+    515752K            nid[001000,001+ 
3359847.665  alya_3D_l+    500440K            nid[001149,001+ 
3359847.666  alya_3D_l+    500508K            nid[001122,001+ 
3359847.667  alya_3D_l+    500180K            nid[001420-001+ 
3359847.668  alya_3D_l+    500296K            nid[001420-001+ 
3359847.669  alya_3D_l+    505692K            nid[002657,002+ 
3359847.670  alya_3D_l+    500112K            nid[001000,001+ 
3359847.671  alya_3D_l+    500448K            nid[001000,001+ 
3359847.672  alya_3D_l+    515236K            nid[001122,001+ 
3359847.673  alya_3D_l+    500508K            nid[001420-001+ 
3359847.674  alya_3D_l+    516132K            nid[001420-001+ 
3359847.675  alya_3D_l+    515096K            nid[002657,002+ 
3359847.676  alya_3D_l+    515652K            nid[001000,001+ 
3359847.677  alya_3D_l+    500396K            nid[001000,001+ 
3359847.678  alya_3D_l+    500272K            nid[001122,001+ 
3359847.679  alya_3D_l+    500124K            nid[001431,001+ 
3359847.680  alya_3D_l+    500228K            nid[001420-001+ 
3359847.681  alya_3D_l+    500060K            nid[002657,002+ 
3359847.682  alya_3D_l+    500236K            nid[001253-001+ 
3359847.683  alya_3D_l+    516160K            nid[001000,001+ 
3359847.684  alya_3D_l+    500320K            nid[001122,001+ 
3359847.685  alya_3D_l+    500720K            nid[001921-001+ 
3359847.686  alya_3D_l+    500248K            nid[001253-001+ 
3359847.687  alya_3D_l+    500360K            nid[001271,001+ 
3359847.688  alya_3D_l+    500228K            nid[001253-001+ 
3359847.689  alya_3D_l+    500092K            nid[001000,001+ 
3359847.690  alya_3D_l+    500324K            nid[001122,001+ 
3359847.691  alya_3D_l+    500328K            nid[001000,001+ 
3359847.692  alya_3D_l+    500512K            nid[001030-001+ 
3359847.693  alya_3D_l+    518600K            nid[001000,001+ 
3359847.694  alya_3D_l+    499972K            nid[001271,001+ 
3359847.695  alya_3D_l+    500228K            nid[001253-001+ 
3359847.696  alya_3D_l+    500348K            nid[001122,001+ 
3359847.697  alya_3D_l+    500272K            nid[001420-001+ 
3359847.698  alya_3D_l+    500112K            nid[001000,001+ 
3359847.699  alya_3D_l+    515560K            nid[001030-001+ 
3359847.700  alya_3D_l+    499780K            nid[001064,001+ 
3359847.701  alya_3D_l+    500032K            nid[001000,001+ 
3359847.702  alya_3D_l+    516612K            nid[001420-001+ 
3359847.703  alya_3D_l+    500496K            nid[001122,001+ 
3359847.704  alya_3D_l+    501432K            nid[001000,001+ 
3359847.705  alya_3D_l+    500160K            nid[001000,001+ 
3359847.706  alya_3D_l+    500192K            nid[001253-001+ 
3359847.707  alya_3D_l+    500320K            nid[001253-001+ 
3359847.708  alya_3D_l+    500296K            nid[001000,001+ 
3359847.709  alya_3D_l+    499952K            nid[001122,001+ 
3359847.710  alya_3D_l+    504.50M            nid[001253-001+ 
3359847.711  alya_3D_l+    500548K            nid[001000,001+ 
3359847.712  alya_3D_l+    516336K            nid[001122,001+ 
3359847.713  alya_3D_l+    500076K            nid[001253-001+ 
3359847.714  alya_3D_l+    500144K            nid[001000,001+ 
3359847.715  alya_3D_l+    500232K            nid[001000,001+ 
3359847.716  alya_3D_l+    516444K            nid[001000,001+ 
3359847.717  alya_3D_l+    499932K            nid[001000,001+ 
3359847.718  alya_3D_l+    499868K            nid[001000,001+ 
3359847.719  alya_3D_l+    500192K            nid[001000,001+ 
3359847.720  alya_3D_l+    500448K            nid[001000,001+ 
3359847.721  alya_3D_l+    500108K            nid[001122,001+ 
3359847.722  alya_3D_l+    500380K            nid[001253-001+ 
3359847.723  alya_3D_l+    500244K            nid[001420-001+ 
3359847.724  alya_3D_l+    503348K            nid[001921-001+ 
3359847.725  alya_3D_l+    514944K            nid[002657,002+ 
3359847.726  alya_3D_l+    514748K            nid[001000,001+ 
3359847.727  alya_3D_l+    515392K            nid[001122,001+ 
3359847.728  alya_3D_l+    500080K            nid[001122,001+ 
3359847.729  alya_3D_l+    500116K            nid[001253-001+ 
3359847.730  alya_3D_l+    500048K            nid[001420-001+ 
3359847.731  alya_3D_l+    500884K            nid[001921-001+ 
3359847.732  alya_3D_l+    515260K            nid[001000,001+ 
3359847.733  alya_3D_l+    508120K            nid[002657,002+ 
3359847.734  alya_3D_l+    500156K            nid[001122,001+ 
3359847.735  alya_3D_l+    502476K            nid[001271,001+ 
3359847.736  alya_3D_l+    502400K            nid[001253-001+ 
3359847.737  alya_3D_l+    515616K            nid[001921-001+ 
3359847.738  alya_3D_l+    500496K            nid[001000,001+ 
3359847.739  alya_3D_l+    500580K            nid[001030-001+ 
3359847.740  alya_3D_l+    500112K            nid[001000,001+ 
3359847.741  alya_3D_l+    501384K            nid[001420-001+ 
3359847.742  alya_3D_l+    500164K            nid[001253-001+ 
3359847.743  alya_3D_l+    516300K            nid[001253-001+ 
3359847.744  alya_3D_l+    500328K            nid[001122,001+ 
3359847.745  alya_3D_l+    500076K            nid[001122,001+ 
3359847.746  alya_3D_l+    516200K            nid[001000,001+ 
3359847.747  alya_3D_l+    516020K            nid[001030-001+ 
3359847.748  alya_3D_l+    516012K            nid[001000,001+ 
3359847.749  alya_3D_l+    501492K            nid[001253-001+ 
3359847.750  alya_3D_l+    500652K            nid[001122,001+ 
3359847.751  alya_3D_l+    500100K            nid[002657,002+ 
3359847.752  alya_3D_l+    500172K            nid[001253-001+ 
3359847.753  alya_3D_l+    500168K            nid[001000,001+ 
3359847.754  alya_3D_l+    500068K            nid[001030-001+ 
3359847.755  alya_3D_l+    500568K            nid[001000,001+ 
3359847.756  alya_3D_l+    499976K            nid[001122,001+ 
3359847.757  alya_3D_l+    500124K            nid[002657,002+ 
3359847.758  alya_3D_l+    500052K            nid[001420-001+ 
3359847.759  alya_3D_l+    500112K            nid[001000,001+ 
3359847.760  alya_3D_l+    500092K            nid[001030-001+ 
3359847.761  alya_3D_l+    500196K            nid[001000,001+ 
3359847.762  alya_3D_l+    500448K            nid[001122,001+ 
3359847.763  alya_3D_l+    500000K            nid[001420-001+ 
3359847.764  alya_3D_l+    488.50M            nid[001253-001+ 
3359847.765  alya_3D_l+    500236K            nid[001253-001+ 
3359847.766  alya_3D_l+    500084K            nid[001921-001+ 
3359847.767  alya_3D_l+    499944K            nid[001000,001+ 
3359847.768  alya_3D_l+    500184K            nid[001122,001+ 
3359847.769  alya_3D_l+    488.50M            nid[001000,001+ 
3359847.770  alya_3D_l+    499956K            nid[001030-001+ 
3359847.771  alya_3D_l+    500316K            nid[001000,001+ 
3359847.772  alya_3D_l+    500184K            nid[001921-001+ 
3359847.773  alya_3D_l+    500160K            nid[002657,002+ 
3359847.774  alya_3D_l+    500016K            nid[001122,001+ 
3359847.775  alya_3D_l+    499992K            nid[001253-001+ 
3359847.776  alya_3D_l+    500632K            nid[001420-001+ 
3359847.777  alya_3D_l+    516212K            nid[001000,001+ 
3359847.778  alya_3D_l+    516116K            nid[002630-002+ 
3359847.779  alya_3D_l+    517136K            nid[001921-001+ 
3359847.780  alya_3D_l+    516880K            nid[001122,001+ 
3359847.781  alya_3D_l+    516328K            nid[001253-001+ 
3359847.782  alya_3D_l+    500228K            nid[001000,001+ 
3359847.783  alya_3D_l+    499996K            nid[001000,001+ 
3359847.784  alya_3D_l+    500284K            nid[001122,001+ 
3359847.785  alya_3D_l+    500488K            nid[001921-001+ 
3359847.786  alya_3D_l+    501784K            nid[001921-001+ 
3359847.787  alya_3D_l+    499900K            nid[001253-001+ 
3359847.788  alya_3D_l+    500092K            nid[001420-001+ 
3359847.789  alya_3D_l+    500004K            nid[001000,001+ 
3359847.790  alya_3D_l+    515340K            nid[001122,001+ 
3359847.791  alya_3D_l+    514184K            nid[001253-001+ 
3359847.792  alya_3D_l+    500596K            nid[001420-001+ 
3359847.793  alya_3D_l+    500240K            nid[001431,001+ 
3359847.794  alya_3D_l+    503140K            nid[001420-001+ 
3359847.795  alya_3D_l+    500124K            nid[001000,001+ 
3359847.796  alya_3D_l+    500132K            nid[001122,001+ 
3359847.797  alya_3D_l+    500208K            nid[001253-001+ 
3359847.798  alya_3D_l+    500260K            nid[001431,001+ 
3359847.799  alya_3D_l+    500388K            nid[001420-001+ 
3359847.800  alya_3D_l+    500280K            nid[001921-001+ 
3359847.801  alya_3D_l+    500420K            nid[001000,001+ 
3359847.802  alya_3D_l+    516376K            nid[001122,001+ 
3359847.803  alya_3D_l+    500472K            nid[001122,001+ 
3359847.804  alya_3D_l+    500372K            nid[002657,002+ 
3359847.805  alya_3D_l+    499984K            nid[001000,001+ 
3359847.806  alya_3D_l+    517284K            nid[001000,001+ 
3359847.807  alya_3D_l+    500660K            nid[001921-001+ 
3359847.808  alya_3D_l+    516136K            nid[001149,001+ 
3359847.809  alya_3D_l+    516364K            nid[001122,001+ 
3359847.810  alya_3D_l+    500296K            nid[001253-001+ 
3359847.811  alya_3D_l+    516548K            nid[001420-001+ 
3359847.812  alya_3D_l+    500440K            nid[001000,001+ 
3359847.813  alya_3D_l+    516168K            nid[001921-001+ 
3359847.814  alya_3D_l+    500104K            nid[002657,002+ 
3359847.815  alya_3D_l+    500248K            nid[001122,001+ 
3359847.816  alya_3D_l+    500284K            nid[001000,001+ 
3359847.817  alya_3D_l+    499716K            nid[001000,001+ 
3359847.818  alya_3D_l+    499960K            nid[001253-001+ 
3359847.819  alya_3D_l+    501212K            nid[001921-001+ 
3359847.820  alya_3D_l+    500308K            nid[002657,002+ 
3359847.821  alya_3D_l+    500316K            nid[001122,001+ 
3359847.822  alya_3D_l+    500040K            nid[001420-001+ 
3359847.823  alya_3D_l+    500744K            nid[001000,001+ 
3359847.824  alya_3D_l+    515484K            nid[001122,001+ 
3359847.825  alya_3D_l+    499984K            nid[001149,001+ 
3359847.826  alya_3D_l+    506572K            nid[001194,001+ 
3359847.827  alya_3D_l+    500408K            nid[001122,001+ 
3359847.828  alya_3D_l+    515620K            nid[001420-001+ 
3359847.829  alya_3D_l+    500316K            nid[001000,001+ 
3359847.830  alya_3D_l+    500208K            nid[001030-001+ 
3359847.831  alya_3D_l+    499848K            nid[001000,001+ 
3359847.832  alya_3D_l+    500392K            nid[001122,001+ 
3359847.833  alya_3D_l+    500272K            nid[001420-001+ 
3359847.834  alya_3D_l+    542880K            nid[001420-001+ 
3359847.835  alya_3D_l+    500092K            nid[001149,001+ 
3359847.836  alya_3D_l+    500044K            nid[001122,001+ 
3359847.837  alya_3D_l+    516188K            nid[001000,001+ 
3359847.838  alya_3D_l+    515848K            nid[001000,001+ 
3359847.839  alya_3D_l+    516348K            nid[001420-001+ 
3359847.840  alya_3D_l+    500404K            nid[001420-001+ 
3359847.841  alya_3D_l+    500088K            nid[001122,001+ 
3359847.842  alya_3D_l+    516056K            nid[001122,001+ 
3359847.843  alya_3D_l+    500144K            nid[001253-001+ 
3359847.844  alya_3D_l+    500164K            nid[001000,001+ 
3359847.845  alya_3D_l+    500228K            nid[001000,001+ 
3359847.846  alya_3D_l+    500204K            nid[001420-001+ 
3359847.847  alya_3D_l+    500184K            nid[001271,001+ 
3359847.848  alya_3D_l+    500908K            nid[001122,001+ 
3359847.849  alya_3D_l+    500252K            nid[001122,001+ 
3359847.850  alya_3D_l+    500324K            nid[001420-001+ 
3359847.851  alya_3D_l+    499928K            nid[001000,001+ 
3359847.852  alya_3D_l+    503556K            nid[001000,001+ 
3359847.853  alya_3D_l+    500316K            nid[001420-001+ 
3359847.854  alya_3D_l+    504056K            nid[001420-001+ 
3359847.855  alya_3D_l+    500408K            nid[001253-001+ 
3359847.856  alya_3D_l+    500328K            nid[001000,001+ 
3359847.857  alya_3D_l+    502420K            nid[001122,001+ 
3359847.858  alya_3D_l+    499952K            nid[002657,002+ 
3359847.859  alya_3D_l+    500208K            nid[001253-001+ 
3359847.860  alya_3D_l+    500552K            nid[001253-001+ 
3359847.861  alya_3D_l+    500152K            nid[001921-001+ 
3359847.862  alya_3D_l+    500548K            nid[001000,001+ 
3359847.863  alya_3D_l+    500472K            nid[001122,001+ 
3359847.864  alya_3D_l+    500372K            nid[002657,002+ 
3359847.865  alya_3D_l+    500120K            nid[001000,001+ 
3359847.866  alya_3D_l+    500072K            nid[001030-001+ 
3359847.867  alya_3D_l+    516624K            nid[001000,001+ 
3359847.868  alya_3D_l+    516312K            nid[001921-001+ 
3359847.869  alya_3D_l+    500408K            nid[001122,001+ 
3359847.870  alya_3D_l+    500028K            nid[002657,002+ 
3359847.871  alya_3D_l+    516072K            nid[001253-001+ 
3359847.872  alya_3D_l+    516256K            nid[001253-001+ 
3359847.873  alya_3D_l+    516052K            nid[001122,001+ 
3359847.874  alya_3D_l+    499944K            nid[001000,001+ 
3359847.875  alya_3D_l+    514668K            nid[001000,001+ 
3359847.876  alya_3D_l+    500328K            nid[002657,002+ 
3359847.877  alya_3D_l+    500324K            nid[001122,001+ 
3359847.878  alya_3D_l+    500236K            nid[001253-001+ 
3359847.879  alya_3D_l+    500260K            nid[001420-001+ 
3359847.880  alya_3D_l+    500268K            nid[001921-001+ 
3359847.881  alya_3D_l+    500212K            nid[001921-001+ 
3359847.882  alya_3D_l+    500116K            nid[001000,001+ 
3359847.883  alya_3D_l+    500284K            nid[001122,001+ 
3359847.884  alya_3D_l+    500016K            nid[002657,002+ 
3359847.885  alya_3D_l+    500288K            nid[001000,001+ 
3359847.886  alya_3D_l+    499816K            nid[001030-001+ 
3359847.887  alya_3D_l+    500216K            nid[001064,001+ 
3359847.888  alya_3D_l+    500024K            nid[001000,001+ 
3359847.889  alya_3D_l+    500044K            nid[001122,001+ 
3359847.890  alya_3D_l+    500104K            nid[002657,002+ 
3359847.891  alya_3D_l+    500268K            nid[001000,001+ 
3359847.892  alya_3D_l+    500084K            nid[001030-001+ 
3359847.893  alya_3D_l+    499908K            nid[001064,001+ 
3359847.894  alya_3D_l+    516324K            nid[001000,001+ 
3359847.895  alya_3D_l+    500220K            nid[001122,001+ 
3359847.896  alya_3D_l+    516228K            nid[002657,002+ 
3359847.897  alya_3D_l+    518288K            nid[001253-001+ 
3359847.898  alya_3D_l+    518000K            nid[001000,001+ 
3359847.899  alya_3D_l+    500628K            nid[001000,001+ 
3359847.900  alya_3D_l+    516320K            nid[001122,001+ 
3359847.901  alya_3D_l+    516068K            nid[001122,001+ 
3359847.902  alya_3D_l+    515792K            nid[002657,002+ 
3359847.903  alya_3D_l+    515048K            nid[001921-001+ 
3359847.904  alya_3D_l+    500276K            nid[001253-001+ 
3359847.905  alya_3D_l+    499800K            nid[001000,001+ 
3359847.906  alya_3D_l+    500128K            nid[001000,001+ 
3359847.907  alya_3D_l+    500352K            nid[001122,001+ 
3359847.908  alya_3D_l+    500472K            nid[001122,001+ 
3359847.909  alya_3D_l+    500080K            nid[001253-001+ 
3359847.910  alya_3D_l+    500192K            nid[001253-001+ 
3359847.911  alya_3D_l+    500056K            nid[001000,001+ 
3359847.912  alya_3D_l+    515512K            nid[001000,001+ 
3359847.913  alya_3D_l+    500640K            nid[001149,001+ 
3359847.914  alya_3D_l+    500340K            nid[001122,001+ 
3359847.915  alya_3D_l+    499948K            nid[001253-001+ 
3359847.916  alya_3D_l+    502528K            nid[001921-001+ 
3359847.917  alya_3D_l+    500164K            nid[001420-001+ 
3359847.918  alya_3D_l+    499980K            nid[001000,001+ 
3359847.919  alya_3D_l+    501644K            nid[001000,001+ 
3359847.920  alya_3D_l+    515196K            nid[001122,001+ 
3359847.921  alya_3D_l+    500432K            nid[001253-001+ 
3359847.922  alya_3D_l+    500660K            nid[001921-001+ 
3359847.923  alya_3D_l+    516568K            nid[001122,001+ 
3359847.924  alya_3D_l+    500620K            nid[001000,001+ 
3359847.925  alya_3D_l+    500468K            nid[001030-001+ 
3359847.926  alya_3D_l+    500204K            nid[001000,001+ 
3359847.927  alya_3D_l+    500540K            nid[001253-001+ 
3359847.928  alya_3D_l+    517052K            nid[001921-001+ 
3359847.929  alya_3D_l+    500188K            nid[001122,001+ 
3359847.930  alya_3D_l+    500376K            nid[001000,001+ 
3359847.931  alya_3D_l+    516352K            nid[001030-001+ 
3359847.932  alya_3D_l+    518140K            nid[001064,001+ 
3359847.933  alya_3D_l+    499856K            nid[001000,001+ 
3359847.934  alya_3D_l+    500356K            nid[001921-001+ 
3359847.935  alya_3D_l+    500084K            nid[001122,001+ 
3359847.936  alya_3D_l+    515096K            nid[001253-001+ 
3359847.937  alya_3D_l+    500228K            nid[001271,001+ 
3359847.938  alya_3D_l+    500612K            nid[001000,001+ 
3359847.939  alya_3D_l+    500540K            nid[001030-001+ 
3359847.940  alya_3D_l+    499904K            nid[001000,001+ 
3359847.941  alya_3D_l+    500080K            nid[001122,001+ 
3359847.942  alya_3D_l+    500448K            nid[001921-001+ 
3359847.943  alya_3D_l+    500516K            nid[001921-001+ 
3359847.944  alya_3D_l+    500028K            nid[001000,001+ 
3359847.945  alya_3D_l+    500124K            nid[001000,001+ 
3359847.946  alya_3D_l+    500264K            nid[001420-001+ 
3359847.947  alya_3D_l+    500520K            nid[001122,001+ 
3359847.948  alya_3D_l+    500280K            nid[001253-001+ 
3359847.949  alya_3D_l+    500368K            nid[001253-001+ 
3359847.950  alya_3D_l+    500236K            nid[001921-001+ 
3359847.951  alya_3D_l+    500216K            nid[001000,001+ 
3359847.952  alya_3D_l+    500516K            nid[001000,001+ 
3359847.953  alya_3D_l+    500472K            nid[001420-001+ 
3359847.954  alya_3D_l+    517036K            nid[002657,002+ 
3359847.955  alya_3D_l+    516488K            nid[001253-001+ 
3359847.956  alya_3D_l+    500256K            nid[001253-001+ 
3359847.957  alya_3D_l+    516140K            nid[001000,001+ 
3359847.958  alya_3D_l+    516440K            nid[001030-001+ 
3359847.959  alya_3D_l+    515460K            nid[001000,001+ 
3359847.960  alya_3D_l+    500096K            nid[002657,002+ 
3359847.961  alya_3D_l+    500152K            nid[001253-001+ 
3359847.962  alya_3D_l+    500420K            nid[001921-001+ 
3359847.963  alya_3D_l+    499936K            nid[001122,001+ 
3359847.964  alya_3D_l+    500168K            nid[001122,001+ 
3359847.965  alya_3D_l+    500064K            nid[001000,001+ 
3359847.966  alya_3D_l+    499856K            nid[001000,001+ 
3359847.967  alya_3D_l+    516504K            nid[001253-001+ 
3359847.968  alya_3D_l+    500264K            nid[001122,001+ 
3359847.969  alya_3D_l+    500344K            nid[001149,001+ 
3359847.970  alya_3D_l+    500128K            nid[001122,001+ 
3359847.971  alya_3D_l+    500240K            nid[001420-001+ 
3359847.972  alya_3D_l+    499932K            nid[001000,001+ 
3359847.973  alya_3D_l+    503828K            nid[001253-001+ 
3359847.974  alya_3D_l+    499996K            nid[002657,002+ 
3359847.975  alya_3D_l+    500400K            nid[001122,001+ 
3359847.976  alya_3D_l+    500300K            nid[001149,001+ 
3359847.977  alya_3D_l+    500320K            nid[001122,001+ 
3359847.978  alya_3D_l+    517380K            nid[001000,001+ 
3359847.979  alya_3D_l+    501132K            nid[001253-001+ 
3359847.980  alya_3D_l+    499984K            nid[002657,002+ 
3359847.981  alya_3D_l+    500172K            nid[001921-001+ 
3359847.982  alya_3D_l+    500296K            nid[001000,001+ 
3359847.983  alya_3D_l+    516064K            nid[001000,001+ 
3359847.984  alya_3D_l+    500028K            nid[001122,001+ 
3359847.985  alya_3D_l+    502356K            nid[001253-001+ 
3359847.986  alya_3D_l+    516308K            nid[001921-001+ 
3359847.987  alya_3D_l+    500356K            nid[001921-001+ 
3359847.988  alya_3D_l+    500060K            nid[001000,001+ 
3359847.989  alya_3D_l+    500332K            nid[001030-001+ 
3359847.990  alya_3D_l+    500284K            nid[001000,001+ 
3359847.991  alya_3D_l+    516532K            nid[001122,001+ 
3359847.992  alya_3D_l+    516692K            nid[001921-001+ 
3359847.993  alya_3D_l+    500012K            nid[002657,002+ 
3359847.994  alya_3D_l+    499932K            nid[001253-001+ 
3359847.995  alya_3D_l+    500072K            nid[001420-001+ 
3359847.996  alya_3D_l+    499804K            nid[001000,001+ 
3359847.997  alya_3D_l+    500212K            nid[001000,001+ 
3359847.998  alya_3D_l+    500228K            nid[001921-001+ 
3359847.999  alya_3D_l+    500168K            nid[001253-001+ 
3359847.1000 alya_3D_l+    500412K            nid[001253-001+ 
3359847.1001 alya_3D_l+    500100K            nid[001420-001+ 
3359847.1002 alya_3D_l+    500064K            nid[001122,001+ 
3359847.1003 alya_3D_l+    500352K            nid[001000,001+ 
3359847.1004 alya_3D_l+    500584K            nid[001921-001+ 
3359847.1005 alya_3D_l+    500388K            nid[001122,001+ 
3359847.1006 alya_3D_l+    500476K            nid[001253-001+ 
3359847.1007 alya_3D_l+    500176K            nid[001420-001+ 
3359847.1008 alya_3D_l+    500060K            nid[002657,002+ 
3359847.1009 alya_3D_l+    500280K            nid[001000,001+ 
3359847.1010 alya_3D_l+    506276K            nid[001921-001+ 
3359847.1011 alya_3D_l+    499944K            nid[001122,001+ 
3359847.1012 alya_3D_l+    500096K            nid[001122,001+ 
3359847.1013 alya_3D_l+    500512K            nid[001420-001+ 
3359847.1014 alya_3D_l+    516260K            nid[002657,002+ 
3359847.1015 alya_3D_l+    500004K            nid[001000,001+ 
3359847.1016 alya_3D_l+    500084K            nid[001921-001+ 
3359847.1017 alya_3D_l+    500140K            nid[001253-001+ 
3359847.1018 alya_3D_l+    500240K            nid[001122,001+ 
3359847.1019 alya_3D_l+    500292K            nid[001431,001+ 
3359847.1020 alya_3D_l+    500160K            nid[001420-001+ 
3359847.1021 alya_3D_l+    500152K            nid[001000,001+ 
3359847.1022 alya_3D_l+    500108K            nid[001271,001+ 
3359847.1023 alya_3D_l+    500220K            nid[001253-001+ 
3359847.1024 alya_3D_l+    499992K            nid[001122,001+ 
3359847.1025 alya_3D_l+    516936K            nid[001122,001+ 
3359847.1026 alya_3D_l+    516404K            nid[001000,001+ 
3359847.1027 alya_3D_l+    500252K            nid[001000,001+ 
3359847.1028 alya_3D_l+    515908K            nid[001253-001+ 
3359847.1029 alya_3D_l+    500268K            nid[001253-001+ 
3359847.1030 alya_3D_l+    500220K            nid[002657,002+ 
3359847.1031 alya_3D_l+    515800K            nid[001122,001+ 
3359847.1032 alya_3D_l+    500868K            nid[001000,001+ 
3359847.1033 alya_3D_l+    516516K            nid[001030-001+ 
3359847.1034 alya_3D_l+    499856K            nid[001000,001+ 
3359847.1035 alya_3D_l+    500608K            nid[001420-001+ 
3359847.1036 alya_3D_l+    500524K            nid[002657,002+ 
3359847.1037 alya_3D_l+    500100K            nid[001122,001+ 
3359847.1038 alya_3D_l+    500016K            nid[001253-001+ 
3359847.1039 alya_3D_l+    500444K            nid[001253-001+ 
3359847.1040 alya_3D_l+    500148K            nid[002657,002+ 
3359847.1041 alya_3D_l+    500168K            nid[001000,001+ 
3359847.1042 alya_3D_l+    500264K            nid[001122,001+ 
3359847.1043 alya_3D_l+    501980K            nid[001122,001+ 
3359847.1044 alya_3D_l+    500332K            nid[001253-001+ 
3359847.1045 alya_3D_l+    500116K            nid[001000,001+ 
3359847.1046 alya_3D_l+    500056K            nid[001030-001+ 
3359847.1047 alya_3D_l+    500132K            nid[001000,001+ 
3359847.1048 alya_3D_l+    499976K            nid[001122,001+ 
3359847.1049 alya_3D_l+    500556K            nid[001122,001+ 
3359847.1050 alya_3D_l+    500100K            nid[001253-001+ 
3359847.1051 alya_3D_l+    516136K            nid[001253-001+ 
3359847.1052 alya_3D_l+    502232K            nid[001000,001+ 
3359847.1053 alya_3D_l+    500012K            nid[001030-001+ 
3359847.1054 alya_3D_l+    516364K            nid[001000,001+ 
3359847.1055 alya_3D_l+    516132K            nid[001122,001+ 
3359847.1056 alya_3D_l+    517328K            nid[001253-001+ 
3359847.1057 alya_3D_l+    500112K            nid[001253-001+ 
3359847.1058 alya_3D_l+    500056K            nid[001000,001+ 
3359847.1059 alya_3D_l+    500312K            nid[001000,001+ 
3359847.1060 alya_3D_l+    499952K            nid[001122,001+ 
3359847.1061 alya_3D_l+    516404K            nid[001420-001+ 
3359847.1062 alya_3D_l+    500532K            nid[001030-001+ 
3359847.1063 alya_3D_l+    500284K            nid[001000,001+ 
3359847.1064 alya_3D_l+    500104K            nid[001000,001+ 
3359847.1065 alya_3D_l+    500228K            nid[001122,001+ 
3359847.1066 alya_3D_l+    500356K            nid[001122,001+ 
3359847.1067 alya_3D_l+    499976K            nid[001420-001+ 
3359847.1068 alya_3D_l+    516380K            nid[001253-001+ 
3359847.1069 alya_3D_l+    499896K            nid[001000,001+ 
3359847.1070 alya_3D_l+    515868K            nid[001030-001+ 
3359847.1071 alya_3D_l+    501264K            nid[001000,001+ 
3359847.1072 alya_3D_l+    516184K            nid[001122,001+ 
3359847.1073 alya_3D_l+    500204K            nid[001122,001+ 
3359847.1074 alya_3D_l+    499912K            nid[001253-001+ 
3359847.1075 alya_3D_l+    500112K            nid[001000,001+ 
3359847.1076 alya_3D_l+    499924K            nid[001030-001+ 
3359847.1077 alya_3D_l+    500056K            nid[001000,001+ 
3359847.1078 alya_3D_l+    500080K            nid[001122,001+ 
3359847.1079 alya_3D_l+    516372K            nid[001149,001+ 
3359847.1080 alya_3D_l+    500472K            nid[001122,001+ 
3359847.1081 alya_3D_l+    500288K            nid[001000,001+ 
3359847.1082 alya_3D_l+    500008K            nid[001000,001+ 
3359847.1083 alya_3D_l+    500236K            nid[001921-001+ 
3359847.1084 alya_3D_l+    500208K            nid[001122,001+ 
3359847.1085 alya_3D_l+    500420K            nid[001149,001+ 
3359847.1086 alya_3D_l+    500040K            nid[001122,001+ 
3359847.1087 alya_3D_l+    500076K            nid[001000,001+ 
3359847.1088 alya_3D_l+    500200K            nid[001431,001+ 
3359847.1089 alya_3D_l+    516544K            nid[001420-001+ 
3359847.1090 alya_3D_l+    499948K            nid[002657,002+ 
3359847.1091 alya_3D_l+    499996K            nid[001000,001+ 
3359847.1092 alya_3D_l+    499992K            nid[001122,001+ 
3359847.1093 alya_3D_l+    500148K            nid[001122,001+ 
3359847.1094 alya_3D_l+    500284K            nid[001420-001+ 
3359847.1095 alya_3D_l+    500284K            nid[001420-001+ 
3359847.1096 alya_3D_l+    500316K            nid[002657,002+ 
3359847.1097 alya_3D_l+    500072K            nid[001000,001+ 
3359847.1098 alya_3D_l+    515860K            nid[001122,001+ 
3359847.1099 alya_3D_l+    516028K            nid[001253-001+ 
3359847.1100 alya_3D_l+    500476K            nid[001420-001+ 
3359847.1101 alya_3D_l+    515968K            nid[001000,001+ 
3359847.1102 alya_3D_l+    500212K            nid[001030-001+ 
3359847.1103 alya_3D_l+    500124K            nid[001000,001+ 
3359847.1104 alya_3D_l+    500552K            nid[001122,001+ 
3359847.1105 alya_3D_l+    500144K            nid[001253-001+ 
3359847.1106 alya_3D_l+    500208K            nid[001420-001+ 
3359847.1107 alya_3D_l+    500076K            nid[001431,001+ 
3359847.1108 alya_3D_l+    515276K            nid[001420-001+ 
3359847.1109 alya_3D_l+    515880K            nid[001000,001+ 
3359847.1110 alya_3D_l+    500560K            nid[001122,001+ 
3359847.1111 alya_3D_l+    515216K            nid[001253-001+ 
3359847.1112 alya_3D_l+    499848K            nid[001420-001+ 
3359847.1113 alya_3D_l+    500548K            nid[001431,001+ 
3359847.1114 alya_3D_l+    500564K            nid[001420-001+ 
3359847.1115 alya_3D_l+    516112K            nid[001000,001+ 
3359847.1116 alya_3D_l+    500408K            nid[001122,001+ 
3359847.1117 alya_3D_l+    515692K            nid[001253-001+ 
3359847.1118 alya_3D_l+    500308K            nid[001921-001+ 
3359847.1119 alya_3D_l+    516168K            nid[001000,001+ 
3359847.1120 alya_3D_l+    500184K            nid[001030-001+ 
3359847.1121 alya_3D_l+    500392K            nid[001000,001+ 
3359847.1122 alya_3D_l+    499920K            nid[001122,001+ 
3359847.1123 alya_3D_l+    500276K            nid[001122,001+ 
3359847.1124 alya_3D_l+    515564K            nid[002657,002+ 
3359847.1125 alya_3D_l+    500180K            nid[001000,001+ 
3359847.1126 alya_3D_l+    500144K            nid[001431,001+ 
3359847.1127 alya_3D_l+    499940K            nid[001420-001+ 
3359847.1128 alya_3D_l+    516068K            nid[001122,001+ 
3359847.1129 alya_3D_l+    500276K            nid[001122,001+ 
3359847.1130 alya_3D_l+    516060K            nid[002657,002+ 
3359847.1131 alya_3D_l+    500632K            nid[001000,001+ 
3359847.1132 alya_3D_l+    500040K            nid[001000,001+ 
3359847.1133 alya_3D_l+    499880K            nid[001420-001+ 
3359847.1134 alya_3D_l+    500584K            nid[001122,001+ 
3359847.1135 alya_3D_l+    500212K            nid[001253-001+ 
3359847.1136 alya_3D_l+    500148K            nid[001253-001+ 
3359847.1137 alya_3D_l+    500532K            nid[001000,001+ 
3359847.1138 alya_3D_l+    502876K            nid[001000,001+ 
3359847.1139 alya_3D_l+    514276K            nid[001420-001+ 
3359847.1140 alya_3D_l+    500124K            nid[001122,001+ 
3359847.1141 alya_3D_l+    500088K            nid[001253-001+ 
3359847.1142 alya_3D_l+    500000K            nid[001431,001+ 
3359847.1143 alya_3D_l+    515600K            nid[001000,001+ 
3359847.1144 alya_3D_l+    499948K            nid[001030-001+ 
3359847.1145 alya_3D_l+    500976K            nid[001000,001+ 
3359847.1146 alya_3D_l+    516076K            nid[001122,001+ 
3359847.1147 alya_3D_l+    500336K            nid[001253-001+ 
3359847.1148 alya_3D_l+    500260K            nid[001420-001+ 
3359847.1149 alya_3D_l+    500548K            nid[001149,001+ 
3359847.1150 alya_3D_l+    500288K            nid[001194,001+ 
3359847.1151 alya_3D_l+    500300K            nid[001000,001+ 
3359847.1152 alya_3D_l+    516568K            nid[001000,001+ 
3359847.1153 alya_3D_l+    500288K            nid[001253-001+ 
3359847.1154 alya_3D_l+    502804K            nid[002657,002+ 
3359847.1155 alya_3D_l+    515908K            nid[001030-001+ 
3359847.1156 alya_3D_l+    517088K            nid[001064,001+ 
3359847.1157 alya_3D_l+    500500K            nid[001000,001+ 
3359847.1158 alya_3D_l+    518020K            nid[001122,001+ 
3359847.1159 alya_3D_l+    500680K            nid[001122,001+ 
3359847.1160 alya_3D_l+    516260K            nid[002657,002+ 
3359847.1161 alya_3D_l+    514540K            nid[001000,001+ 
3359847.1162 alya_3D_l+    500052K            nid[001030-001+ 
3359847.1163 alya_3D_l+    500068K            nid[001000,001+ 
3359847.1164 alya_3D_l+    515636K            nid[001122,001+ 
3359847.1165 alya_3D_l+    500440K            nid[001122,001+ 
3359847.1166 alya_3D_l+    500268K            nid[002657,002+ 
3359847.1167 alya_3D_l+    500284K            nid[001000,001+ 
3359847.1168 alya_3D_l+    500228K            nid[001030-001+ 
3359847.1169 alya_3D_l+    500112K            nid[001000,001+ 
3359847.1170 alya_3D_l+    500152K            nid[001253-001+ 
3359847.1171 alya_3D_l+    500596K            nid[001122,001+ 
3359847.1172 alya_3D_l+    500564K            nid[002657,002+ 
3359847.1173 alya_3D_l+    500500K            nid[001000,001+ 
3359847.1174 alya_3D_l+    500636K            nid[001000,001+ 
3359847.1175 alya_3D_l+    500432K            nid[001420-001+ 
3359847.1176 alya_3D_l+    500264K            nid[001921-001+ 
3359847.1177 alya_3D_l+    516360K            nid[001122,001+ 
3359847.1178 alya_3D_l+    500512K            nid[002657,002+ 
3359847.1179 alya_3D_l+    500012K            nid[001000,001+ 
3359847.1180 alya_3D_l+    500576K            nid[001253-001+ 
3359847.1181 alya_3D_l+    500424K            nid[001420-001+ 
3359847.1182 alya_3D_l+    516272K            nid[001921-001+ 
3359847.1183 alya_3D_l+    500340K            nid[001122,001+ 
3359847.1184 alya_3D_l+    500056K            nid[002657,002+ 
3359847.1185 alya_3D_l+    516364K            nid[001000,001+ 
3359847.1186 alya_3D_l+    516292K            nid[001253-001+ 
3359847.1187 alya_3D_l+    516164K            nid[001122,001+ 
3359847.1188 alya_3D_l+    500696K            nid[001122,001+ 
3359847.1189 alya_3D_l+    500732K            nid[001921-001+ 
3359847.1190 alya_3D_l+    516368K            nid[002657,002+ 
3359847.1191 alya_3D_l+    500240K            nid[001000,001+ 
3359847.1192 alya_3D_l+    500468K            nid[001149,001+ 
3359847.1193 alya_3D_l+    499992K            nid[001122,001+ 
3359847.1194 alya_3D_l+    499940K            nid[001420-001+ 
3359847.1195 alya_3D_l+    500144K            nid[001000,001+ 
3359847.1196 alya_3D_l+    500408K            nid[001000,001+ 
3359847.1197 alya_3D_l+    500312K            nid[001921-001+ 
3359847.1198 alya_3D_l+    501064K            nid[001122,001+ 
3359847.1199 alya_3D_l+    515400K            nid[001122,001+ 
3359847.1200 alya_3D_l+    500044K            nid[002657,002+ 
3359847.1201 alya_3D_l+    500476K            nid[001000,001+ 
3359847.1202 alya_3D_l+    499944K            nid[001030-001+ 
3359847.1203 alya_3D_l+    502056K            nid[001000,001+ 
3359847.1204 alya_3D_l+    499868K            nid[001122,001+ 
3359847.1205 alya_3D_l+    516200K            nid[001122,001+ 
3359847.1206 alya_3D_l+    501356K            nid[002657,002+ 
3359847.1207 alya_3D_l+    500148K            nid[001420-001+ 
3359847.1208 alya_3D_l+    513248K            nid[001000,001+ 
3359847.1209 alya_3D_l+    513592K            nid[001000,001+ 
3359847.1210 alya_3D_l+    500040K            nid[001122,001+ 
3359847.1211 alya_3D_l+    500320K            nid[001149,001+ 
3359847.1212 alya_3D_l+    500496K            nid[001194,001+ 
3359847.1213 alya_3D_l+    500408K            nid[001122,001+ 
3359847.1214 alya_3D_l+    500136K            nid[001000,001+ 
3359847.1215 alya_3D_l+    500096K            nid[001000,001+ 
3359847.1216 alya_3D_l+    516552K            nid[001253-001+ 
3359847.1217 alya_3D_l+    516408K            nid[001253-001+ 
3359847.1218 alya_3D_l+    518072K            nid[002657,002+ 
3359847.1219 alya_3D_l+    500176K            nid[001000,001+ 
3359847.1220 alya_3D_l+    500168K            nid[001000,001+ 
3359847.1221 alya_3D_l+    500192K            nid[001122,001+ 
3359847.1222 alya_3D_l+    500488K            nid[001420-001+ 
3359847.1223 alya_3D_l+    500148K            nid[001000,001+ 
3359847.1224 alya_3D_l+    516312K            nid[001030-001+ 
3359847.1225 alya_3D_l+    500652K            nid[001064,001+ 
3359847.1226 alya_3D_l+    500004K            nid[001000,001+ 
3359847.1227 alya_3D_l+    500240K            nid[001122,001+ 
3359847.1228 alya_3D_l+    500140K            nid[001420-001+ 
3359847.1229 alya_3D_l+    500316K            nid[001921-001+ 
3359847.1230 alya_3D_l+    500184K            nid[001000,001+ 
3359847.1231 alya_3D_l+    500064K            nid[001000,001+ 
3359847.1232 alya_3D_l+    498888K            nid[002657,002+ 
3359847.1233 alya_3D_l+    500360K            nid[001122,001+ 
3359847.1234 alya_3D_l+    503572K            nid[001420-001+ 
3359847.1235 alya_3D_l+    500176K            nid[001921-001+ 
3359847.1236 alya_3D_l+    500088K            nid[001000,001+ 
3359847.1237 alya_3D_l+    500164K            nid[001030-001+ 
3359847.1238 alya_3D_l+    515448K            nid[001000,001+ 
3359847.1239 alya_3D_l+    516088K            nid[001122,001+ 
3359847.1240 alya_3D_l+    500568K            nid[001420-001+ 
3359847.1241 alya_3D_l+    516364K            nid[001921-001+ 
3359847.1242 alya_3D_l+    500572K            nid[001122,001+ 
3359847.1243 alya_3D_l+    500080K            nid[001000,001+ 
3359847.1244 alya_3D_l+    500520K            nid[001030-001+ 
3359847.1245 alya_3D_l+    516176K            nid[001000,001+ 
3359847.1246 alya_3D_l+    516432K            nid[001122,001+ 
3359847.1247 alya_3D_l+    500588K            nid[001122,001+ 
3359847.1248 alya_3D_l+    500036K            nid[001921-001+ 
3359847.1249 alya_3D_l+    516116K            nid[001000,001+ 
3359847.1250 alya_3D_l+    500432K            nid[001000,001+ 
3359847.1251 alya_3D_l+    500116K            nid[001253-001+ 
3359847.1252 alya_3D_l+    500280K            nid[001420-001+ 
3359847.1253 alya_3D_l+    502988K            nid[001030-001+ 
3359847.1254 alya_3D_l+    500192K            nid[001064,001+ 
3359847.1255 alya_3D_l+    500020K            nid[001000,001+ 
3359847.1256 alya_3D_l+    500340K            nid[001253-001+ 
3359847.1257 alya_3D_l+    500128K            nid[002657,002+ 
3359847.1258 alya_3D_l+    514508K            nid[001420-001+ 
3359847.1259 alya_3D_l+    500380K            nid[001000,001+ 
3359847.1260 alya_3D_l+    500320K            nid[001149,001+ 
3359847.1261 alya_3D_l+    502188K            nid[001122,001+ 
3359847.1262 alya_3D_l+    500484K            nid[001253-001+ 
3359847.1263 alya_3D_l+    500116K            nid[001253-001+ 
3359847.1264 alya_3D_l+    502136K            nid[001420-001+ 
3359847.1265 alya_3D_l+    500536K            nid[001000,001+ 
3359847.1266 alya_3D_l+    515936K            nid[001122,001+ 
3359847.1267 alya_3D_l+    500696K            nid[001122,001+ 
3359847.1268 alya_3D_l+    515672K            nid[001420-001+ 
3359847.1269 alya_3D_l+    504080K            nid[001000,001+ 
3359847.1270 alya_3D_l+    499996K            nid[001000,001+ 
3359847.1271 alya_3D_l+    500212K            nid[001253-001+ 
3359847.1272 alya_3D_l+    501144K            nid[001030-001+ 
3359847.1273 alya_3D_l+    500096K            nid[001064,001+ 
3359847.1274 alya_3D_l+    515964K            nid[001000,001+ 
3359847.1275 alya_3D_l+    516480K            nid[001000,001+ 
3359847.1276 alya_3D_l+    500328K            nid[001271,001+ 
3359847.1277 alya_3D_l+    516540K            nid[001253-001+ 
3359847.1278 alya_3D_l+    500256K            nid[001122,001+ 
3359847.1279 alya_3D_l+    500948K            nid[001420-001+ 
3359847.1280 alya_3D_l+    500180K            nid[001000,001+ 
3359847.1281 alya_3D_l+    518160K            nid[001030-001+ 
3359847.1282 alya_3D_l+    499964K            nid[001000,001+ 
3359847.1283 alya_3D_l+    515908K            nid[001253-001+ 
3359847.1284 alya_3D_l+    500244K            nid[001122,001+ 
3359847.1285 alya_3D_l+    500036K            nid[001921-001+ 
3359847.1286 alya_3D_l+    515860K            nid[001921-001+ 
3359847.1287 alya_3D_l+    500372K            nid[001000,001+ 
3359847.1288 alya_3D_l+    500456K            nid[001030-001+ 
3359847.1289 alya_3D_l+    500172K            nid[001000,001+ 
3359847.1290 alya_3D_l+    501660K            nid[001420-001+ 
3359847.1291 alya_3D_l+    500524K            nid[001122,001+ 
3359847.1292 alya_3D_l+    500076K            nid[001122,001+ 
3359847.1293 alya_3D_l+    500092K            nid[001271,001+ 
3359847.1294 alya_3D_l+    500404K            nid[001253-001+ 
3359847.1295 alya_3D_l+    499904K            nid[001000,001+ 
3359847.1296 alya_3D_l+    500860K            nid[001000,001+ 
3359847.1297 alya_3D_l+    500592K            nid[001122,001+ 
3359847.1298 alya_3D_l+    500116K            nid[001122,001+ 
3359847.1299 alya_3D_l+    517944K            nid[001921-001+ 
3359847.1300 alya_3D_l+    500172K            nid[001000,001+ 
3359847.1301 alya_3D_l+    499992K            nid[001000,001+ 
3359847.1302 alya_3D_l+    500484K            nid[001420-001+ 
3359847.1303 alya_3D_l+    500340K            nid[001122,001+ 
3359847.1304 alya_3D_l+    517668K            nid[001122,001+ 
3359847.1305 alya_3D_l+    499972K            nid[001431,001+ 
3359847.1306 alya_3D_l+    516740K            nid[001030-001+ 
3359847.1307 alya_3D_l+    516176K            nid[001000,001+ 
3359847.1308 alya_3D_l+    516396K            nid[001253-001+ 
3359847.1309 alya_3D_l+    516928K            nid[001122,001+ 
3359847.1310 alya_3D_l+    500060K            nid[001122,001+ 
3359847.1311 alya_3D_l+    503776K            nid[001000,001+ 
3359847.1312 alya_3D_l+    500256K            nid[001030-001+ 
3359847.1313 alya_3D_l+    500488K            nid[001000,001+ 
3359847.1314 alya_3D_l+    500276K            nid[001253-001+ 
3359847.1315 alya_3D_l+    500516K            nid[001122,001+ 
3359847.1316 alya_3D_l+    500424K            nid[001122,001+ 
3359847.1317 alya_3D_l+    500088K            nid[001253-001+ 
3359847.1318 alya_3D_l+    499804K            nid[001271,001+ 
3359847.1319 alya_3D_l+    500124K            nid[001000,001+ 
3359847.1320 alya_3D_l+    499872K            nid[001000,001+ 
3359847.1321 alya_3D_l+    500508K            nid[002657,002+ 
3359847.1322 alya_3D_l+    500264K            nid[001122,001+ 
3359847.1323 alya_3D_l+    516792K            nid[001000,001+ 
3359847.1324 alya_3D_l+    500220K            nid[001030-001+ 
3359847.1325 alya_3D_l+    500096K            nid[001000,001+ 
3359847.1326 alya_3D_l+    500568K            nid[001253-001+ 
3359847.1327 alya_3D_l+    500200K            nid[002657,002+ 
3359847.1328 alya_3D_l+    500372K            nid[001122,001+ 
3359847.1329 alya_3D_l+    515980K            nid[001420-001+ 
3359847.1330 alya_3D_l+    500072K            nid[001271,001+ 
3359847.1331 alya_3D_l+    499868K            nid[001000,001+ 
3359847.1332 alya_3D_l+    516120K            nid[001030-001+ 
3359847.1333 alya_3D_l+    499844K            nid[001000,001+ 
3359847.1334 alya_3D_l+    516160K            nid[001122,001+ 
3359847.1335 alya_3D_l+    500360K            nid[001921-001+ 
3359847.1336 alya_3D_l+    500700K            nid[002657,002+ 
3359847.1337 alya_3D_l+    516148K            nid[001420-001+ 
3359847.1338 alya_3D_l+    499896K            nid[001000,001+ 
3359847.1339 alya_3D_l+    516648K            nid[001000,001+ 
3359847.1340 alya_3D_l+    515396K            nid[001122,001+ 
3359847.1341 alya_3D_l+    516736K            nid[001431,001+ 
3359847.1342 alya_3D_l+    500340K            nid[001420-001+ 
3359847.1343 alya_3D_l+    500348K            nid[001921-001+ 
3359847.1344 alya_3D_l+    514332K            nid[001000,001+ 
3359847.1345 alya_3D_l+    499980K            nid[001000,001+ 
3359847.1346 alya_3D_l+    500292K            nid[001122,001+ 
3359847.1347 alya_3D_l+    500172K            nid[001420-001+ 
3359847.1348 alya_3D_l+    516964K            nid[001253-001+ 
3359847.1349 alya_3D_l+    500172K            nid[001271,001+ 
3359847.1350 alya_3D_l+    499704K            nid[001000,001+ 
3359847.1351 alya_3D_l+    501236K            nid[001000,001+ 
3359847.1352 alya_3D_l+    500512K            nid[001122,001+ 
3359847.1353 alya_3D_l+    500032K            nid[001420-001+ 
3359847.1354 alya_3D_l+    514640K            nid[001420-001+ 
3359847.1355 alya_3D_l+    515280K            nid[001000,001+ 
3359847.1356 alya_3D_l+    500144K            nid[001030-001+ 
3359847.1357 alya_3D_l+    503904K            nid[001064,001+ 
3359847.1358 alya_3D_l+    500244K            nid[001000,001+ 
3359847.1359 alya_3D_l+    500068K            nid[002657,002+ 
3359847.1360 alya_3D_l+    500652K            nid[001122,001+ 
3359847.1361 alya_3D_l+    500216K            nid[001149,001+ 
3359847.1362 alya_3D_l+    516064K            nid[001122,001+ 
3359847.1363 alya_3D_l+    517184K            nid[001000,001+ 
3359847.1364 alya_3D_l+    500308K            nid[001000,001+ 
3359847.1365 alya_3D_l+    500364K            nid[002657,002+ 
3359847.1366 alya_3D_l+    517448K            nid[001420-001+ 
3359847.1367 alya_3D_l+    500128K            nid[001122,001+ 
3359847.1368 alya_3D_l+    499884K            nid[001122,001+ 
3359847.1369 alya_3D_l+    516000K            nid[002657,002+ 
3359847.1370 alya_3D_l+    500152K            nid[001000,001+ 
3359847.1371 alya_3D_l+    500044K            nid[001253-001+ 
3359847.1372 alya_3D_l+    500236K            nid[001420-001+ 
3359847.1373 alya_3D_l+    499964K            nid[001921-001+ 
3359847.1374 alya_3D_l+    500052K            nid[001122,001+ 
3359847.1375 alya_3D_l+    499888K            nid[002657,002+ 
3359847.1376 alya_3D_l+    500156K            nid[001000,001+ 
3359847.1377 alya_3D_l+    500020K            nid[001000,001+ 
3359847.1378 alya_3D_l+    500044K            nid[001122,001+ 
3359847.1379 alya_3D_l+    500392K            nid[001149,001+ 
3359847.1380 alya_3D_l+    500212K            nid[001122,001+ 
3359847.1381 alya_3D_l+    500584K            nid[002657,002+ 
3359847.1382 alya_3D_l+    500128K            nid[001000,001+ 
3359847.1383 alya_3D_l+    500084K            nid[001253-001+ 
3359847.1384 alya_3D_l+    500256K            nid[001420-001+ 
3359847.1385 alya_3D_l+    500360K            nid[001122,001+ 
3359847.1386 alya_3D_l+    501608K            nid[001122,001+ 
3359847.1387 alya_3D_l+    515364K            nid[002657,002+ 
3359847.1388 alya_3D_l+    500028K            nid[001000,001+ 
3359847.1389 alya_3D_l+    500468K            nid[001253-001+ 
3359847.1390 alya_3D_l+    500680K            nid[001253-001+ 
3359847.1391 alya_3D_l+    517448K            nid[001921-001+ 
3359847.1392 alya_3D_l+    500036K            nid[001000,001+ 
3359847.1393 alya_3D_l+    515928K            nid[001122,001+ 
3359847.1394 alya_3D_l+    501348K            nid[002657,002+ 
3359847.1395 alya_3D_l+    500600K            nid[001253-001+ 
3359847.1396 alya_3D_l+    516144K            nid[001253-001+ 
3359847.1397 alya_3D_l+    500372K            nid[001921-001+ 
3359847.1398 alya_3D_l+    516344K            nid[001000,001+ 
3359847.1399 alya_3D_l+    516524K            nid[001122,001+ 
3359847.1400 alya_3D_l+    500352K            nid[001149,001+ 
3359847.1401 alya_3D_l+    500348K            nid[001122,001+ 
3359847.1402 alya_3D_l+    500220K            nid[001253-001+ 
3359847.1403 alya_3D_l+    501704K            nid[001921-001+ 
3359847.1404 alya_3D_l+    500136K            nid[001000,001+ 
3359847.1405 alya_3D_l+    500200K            nid[001000,001+ 
3359847.1406 alya_3D_l+    500412K            nid[001030-001+ 
3359847.1407 alya_3D_l+    499872K            nid[001064,001+ 
3359847.1408 alya_3D_l+    500108K            nid[001000,001+ 
3359847.1409 alya_3D_l+    500528K            nid[001122,001+ 
3359847.1410 alya_3D_l+    500320K            nid[001253-001+ 
3359847.1411 alya_3D_l+    500136K            nid[001420-001+ 
3359847.1412 alya_3D_l+    500188K            nid[001149,001+ 
3359847.1413 alya_3D_l+    500148K            nid[001194,001+ 
3359847.1414 alya_3D_l+    499956K            nid[001000,001+ 
3359847.1415 alya_3D_l+    499972K            nid[001030-001+ 
3359847.1416 alya_3D_l+    500060K            nid[001000,001+ 
3359847.1417 alya_3D_l+    502388K            nid[001253-001+ 
3359847.1418 alya_3D_l+    500348K            nid[001253-001+ 
3359847.1419 alya_3D_l+    502724K            nid[001431,001+ 
3359847.1420 alya_3D_l+    499984K            nid[001420-001+ 
3359847.1421 alya_3D_l+    501544K            nid[001000,001+ 
3359847.1422 alya_3D_l+    500216K            nid[001000,001+ 
3359847.1423 alya_3D_l+    500192K            nid[001253-001+ 
3359847.1424 alya_3D_l+    515292K            nid[001253-001+ 
3359847.1425 alya_3D_l+    500008K            nid[001122,001+ 
3359847.1426 alya_3D_l+    500580K            nid[001000,001+ 
3359847.1427 alya_3D_l+    500264K            nid[001030-001+ 
3359847.1428 alya_3D_l+    516140K            nid[001000,001+ 
3359847.1429 alya_3D_l+    500032K            nid[001122,001+ 
3359847.1430 alya_3D_l+    515816K            nid[001149,001+ 
3359847.1431 alya_3D_l+    516308K            nid[001000,001+ 
3359847.1432 alya_3D_l+    500188K            nid[001000,001+ 
3359847.1433 alya_3D_l+    500652K            nid[001122,001+ 
3359847.1434 alya_3D_l+    500008K            nid[001149,001+ 
3359847.1435 alya_3D_l+    500444K            nid[001218,001+ 
3359847.1436 alya_3D_l+    500328K            nid[001000,001+ 
3359847.1437 alya_3D_l+    500012K            nid[001194,001+ 
3359847.1438 alya_3D_l+    500052K            nid[001000,001+ 
3359847.1439 alya_3D_l+    500100K            nid[001030-001+ 
3359847.1440 alya_3D_l+    500320K            nid[001000,001+ 
3359847.1441 alya_3D_l+    500376K            nid[001030-001+ 
3359847.1442 alya_3D_l+    501724K            nid[001064,001+ 
3359847.1443 alya_3D_l+    515536K            nid[001106,001+ 
3359847.1444 alya_3D_l+    500312K            nid[001122,001+ 
3359847.1445 alya_3D_l+    500272K            nid[001000,001+ 
3359847.1446 alya_3D_l+    499896K            nid[001122,001+ 
3359847.1447 alya_3D_l+    500192K            nid[001253-001+ 
3359847.1448 alya_3D_l+    515876K            nid[001420-001+ 
3359847.1449 alya_3D_l+    488.50M            nid[001431,001+ 
3359847.1450 alya_3D_l+    500572K            nid[001000,001+ 
3359847.1451 alya_3D_l+    500316K            nid[001000,001+ 
3359847.1452 alya_3D_l+    500116K            nid[001122,001+ 
3359847.1453 alya_3D_l+    500480K            nid[001000,001+ 
3359847.1454 alya_3D_l+    500356K            nid[001271,001+ 
3359847.1455 alya_3D_l+    500096K            nid[001312,001+ 
3359847.1456 alya_3D_l+    500536K            nid[001253-001+ 
3359847.1457 alya_3D_l+    500512K            nid[001420-001+ 
3359847.1458 alya_3D_l+    500504K            nid[001122,001+ 
3359847.1459 alya_3D_l+    502208K            nid[001000,001+ 
3359847.1460 alya_3D_l+    500112K            nid[001122,001+ 
3359847.1461 alya_3D_l+    500176K            nid[001122,001+ 
3359847.1462 alya_3D_l+    500204K            nid[001921-001+ 
3359847.1463 alya_3D_l+    500424K            nid[001253-001+ 
3359847.1464 alya_3D_l+    518680K            nid[001253-001+ 
3359847.1465 alya_3D_l+    500480K            nid[001000,001+ 
3359847.1466 alya_3D_l+    500448K            nid[001420-001+ 
3359847.1467 alya_3D_l+    517360K            nid[001122,001+ 
3359847.1468 alya_3D_l+    517460K            nid[001000,001+ 
3359847.1469 alya_3D_l+    516172K            nid[001000,001+ 
3359847.1470 alya_3D_l+    516568K            nid[001921-001+ 
3359847.1471 alya_3D_l+    516584K            nid[002657,002+ 
3359847.1472 alya_3D_l+    500524K            nid[001420-001+ 
3359847.1473 alya_3D_l+    500284K            nid[001122,001+ 
3359847.1474 alya_3D_l+    500340K            nid[001253-001+ 
3359847.1475 alya_3D_l+    500508K            nid[001000,001+ 
3359847.1476 alya_3D_l+    499872K            nid[001000,001+ 
3359847.1477 alya_3D_l+    500116K            nid[001921-001+ 
3359847.1478 alya_3D_l+    500120K            nid[001122,001+ 
3359847.1479 alya_3D_l+    500464K            nid[001122,001+ 
3359847.1480 alya_3D_l+    502096K            nid[001253-001+ 
3359847.1481 alya_3D_l+    500240K            nid[001000,001+ 
3359847.1482 alya_3D_l+    500076K            nid[001030-001+ 
3359847.1483 alya_3D_l+    500356K            nid[001000,001+ 
3359847.1484 alya_3D_l+    499948K            nid[002657,002+ 
3359847.1485 alya_3D_l+    515416K            nid[001122,001+ 
3359847.1486 alya_3D_l+    500252K            nid[001253-001+ 
3359847.1487 alya_3D_l+    499988K            nid[001000,001+ 
3359847.1488 alya_3D_l+    515616K            nid[001030-001+ 
3359847.1489 alya_3D_l+    500248K            nid[001000,001+ 
3359847.1490 alya_3D_l+    499996K            nid[002657,002+ 
3359847.1491 alya_3D_l+    516420K            nid[001122,001+ 
3359847.1492 alya_3D_l+    515216K            nid[001253-001+ 
3359847.1493 alya_3D_l+    500076K            nid[001000,001+ 
3359847.1494 alya_3D_l+    516800K            nid[001030-001+ 
3359847.1495 alya_3D_l+    500416K            nid[001000,001+ 
3359847.1496 alya_3D_l+    516112K            nid[002657,002+ 
3359847.1497 alya_3D_l+    500300K            nid[001122,001+ 
3359847.1498 alya_3D_l+    516336K            nid[001253-001+ 
3359847.1499 alya_3D_l+    516596K            nid[001122,001+ 
3359847.1500 alya_3D_l+    500176K            nid[001000,001+ 
3359847.1501 alya_3D_l+    515968K            nid[001000,001+ 
3359847.1502 alya_3D_l+    500280K            nid[002657,002+ 
3359847.1503 alya_3D_l+    500548K            nid[001253-001+ 
3359847.1504 alya_3D_l+    500208K            nid[001253-001+ 
3359847.1505 alya_3D_l+    516276K            nid[001921-001+ 
3359847.1506 alya_3D_l+    499904K            nid[001000,001+ 
3359847.1507 alya_3D_l+    515468K            nid[001030-001+ 
3359847.1508 alya_3D_l+    500460K            nid[001000,001+ 
3359847.1509 alya_3D_l+    500060K            nid[001253-001+ 
3359847.1510 alya_3D_l+    500272K            nid[001420-001+ 
3359847.1511 alya_3D_l+    500556K            nid[001921-001+ 
3359847.1512 alya_3D_l+    500272K            nid[001122,001+ 
3359847.1513 alya_3D_l+    500136K            nid[001000,001+ 
3359847.1514 alya_3D_l+    505448K            nid[001000,001+ 
3359847.1515 alya_3D_l+    500256K            nid[001253-001+ 
3359847.1516 alya_3D_l+    514832K            nid[001253-001+ 
3359847.1517 alya_3D_l+    500180K            nid[001420-001+ 
3359847.1518 alya_3D_l+    499988K            nid[002657,002+ 
3359847.1519 alya_3D_l+    500108K            nid[001000,001+ 
3359847.1520 alya_3D_l+    516088K            nid[001122,001+ 
3359847.1521 alya_3D_l+    500360K            nid[001921-001+ 
3359847.1522 alya_3D_l+    516620K            nid[002657,002+ 
3359847.1523 alya_3D_l+    516424K            nid[001253-001+ 
3359847.1524 alya_3D_l+    516120K            nid[001253-001+ 
3359847.1525 alya_3D_l+    500340K            nid[001000,001+ 
3359847.1526 alya_3D_l+    516328K            nid[001122,001+ 
3359847.1527 alya_3D_l+    500640K            nid[001122,001+ 
3359847.1528 alya_3D_l+    500208K            nid[002657,002+ 
3359847.1529 alya_3D_l+    500092K            nid[001000,001+ 
3359847.1530 alya_3D_l+    502756K            nid[001149,001+ 
3359847.1531 alya_3D_l+    500904K            nid[001194,001+ 
3359847.1532 alya_3D_l+    500184K            nid[001122,001+ 
3359847.1533 alya_3D_l+    500692K            nid[001921-001+ 
3359847.1534 alya_3D_l+    488.50M            nid[001921-001+ 
3359847.1535 alya_3D_l+    500128K            nid[001000,001+ 
3359847.1536 alya_3D_l+    500152K            nid[001122,001+ 
3359847.1537 alya_3D_l+    500448K            nid[001149,001+ 
3359847.1538 alya_3D_l+    499820K            nid[001194,001+ 
3359847.1539 alya_3D_l+    500400K            nid[001122,001+ 
3359847.1540 alya_3D_l+    500808K            nid[001921-001+ 
3359847.1541 alya_3D_l+    500176K            nid[001000,001+ 
3359847.1542 alya_3D_l+    500760K            nid[001253-001+ 
3359847.1543 alya_3D_l+    502476K            nid[001253-001+ 
3359847.1544 alya_3D_l+    500468K            nid[001000,001+ 
3359847.1545 alya_3D_l+    500396K            nid[001420-001+ 
3359847.1546 alya_3D_l+    500144K            nid[001921-001+ 
3359847.1547 alya_3D_l+    500120K            nid[001122,001+ 
3359847.1548 alya_3D_l+    500172K            nid[001000,001+ 
3359847.1549 alya_3D_l+    500040K            nid[001030-001+ 
3359847.1550 alya_3D_l+    500340K            nid[001000,001+ 
3359847.1551 alya_3D_l+    516780K            nid[001122,001+ 
3359847.1552 alya_3D_l+    500696K            nid[001921-001+ 
3359847.1553 alya_3D_l+    516356K            nid[001420-001+ 
3359847.1554 alya_3D_l+    500472K            nid[001253-001+ 
3359847.1555 alya_3D_l+    516204K            nid[002657,002+ 
3359847.1556 alya_3D_l+    500112K            nid[001000,001+ 
3359847.1557 alya_3D_l+    499952K            nid[001420-001+ 
3359847.1558 alya_3D_l+    500024K            nid[001122,001+ 
3359847.1559 alya_3D_l+    500160K            nid[001122,001+ 
3359847.1560 alya_3D_l+    499960K            nid[001000,001+ 
3359847.1561 alya_3D_l+    500432K            nid[001030-001+ 
3359847.1562 alya_3D_l+    501588K            nid[001000,001+ 
3359847.1563 alya_3D_l+    500204K            nid[001122,001+ 
3359847.1564 alya_3D_l+    500356K            nid[001149,001+ 
3359847.1565 alya_3D_l+    500248K            nid[001122,001+ 
3359847.1566 alya_3D_l+    501508K            nid[001253-001+ 
3359847.1567 alya_3D_l+    499972K            nid[002657,002+ 
3359847.1568 alya_3D_l+    515352K            nid[001000,001+ 
3359847.1569 alya_3D_l+    500288K            nid[001253-001+ 
3359847.1570 alya_3D_l+    500512K            nid[002630-002+ 
3359847.1571 alya_3D_l+    500164K            nid[001921-001+ 
3359847.1572 alya_3D_l+    499916K            nid[001000,001+ 
3359847.1573 alya_3D_l+    500688K            nid[001149,001+ 
3359847.1574 alya_3D_l+    500584K            nid[001122,001+ 
3359847.1575 alya_3D_l+    500272K            nid[001253-001+ 
3359847.1576 alya_3D_l+    500416K            nid[001000,001+ 
3359847.1577 alya_3D_l+    500148K            nid[001122,001+ 
3359847.1578 alya_3D_l+    516368K            nid[001122,001+ 
3359847.1579 alya_3D_l+    500272K            nid[001431,001+ 
3359847.1580 alya_3D_l+    516624K            nid[001420-001+ 
3359847.1581 alya_3D_l+    500184K            nid[001253-001+ 
3359847.1582 alya_3D_l+    500500K            nid[001000,001+ 
3359847.1583 alya_3D_l+    517168K            nid[001149,001+ 
3359847.1584 alya_3D_l+    516228K            nid[001000,001+ 
3359847.1585 alya_3D_l+    499992K            nid[001030-001+ 
3359847.1586 alya_3D_l+    516320K            nid[001064,001+ 
3359847.1587 alya_3D_l+    517620K            nid[001000,001+ 
3359847.1588 alya_3D_l+    500728K            nid[001420-001+ 
3359847.1589 alya_3D_l+    500260K            nid[001122,001+ 
3359847.1590 alya_3D_l+    500216K            nid[001122,001+ 
3359847.1591 alya_3D_l+    499984K            nid[001253-001+ 
3359847.1592 alya_3D_l+    500204K            nid[001000,001+ 
3359847.1593 alya_3D_l+    499892K            nid[001030-001+ 
3359847.1594 alya_3D_l+    500664K            nid[001000,001+ 
3359847.1595 alya_3D_l+    500060K            nid[001122,001+ 
3359847.1596 alya_3D_l+    500088K            nid[001271,001+ 
3359847.1597 alya_3D_l+    500068K            nid[001253-001+ 
3359847.1598 alya_3D_l+    500460K            nid[001000,001+ 
3359847.1599 alya_3D_l+    500092K            nid[001000,001+ 
3359847.1600 alya_3D_l+    500368K            nid[002657,002+ 
3359847.1601 alya_3D_l+    500300K            nid[001122,001+ 
3359847.1602 alya_3D_l+    500316K            nid[001253-001+ 
3359847.1603 alya_3D_l+    500860K            nid[001921-001+ 
3359847.1604 alya_3D_l+    500092K            nid[001000,001+ 
3359847.1605 alya_3D_l+    500044K            nid[001030-001+ 
3359847.1606 alya_3D_l+    500204K            nid[001000,001+ 
3359847.1607 alya_3D_l+    515504K            nid[002657,002+ 
3359847.1608 alya_3D_l+    500012K            nid[001253-001+ 
3359847.1609 alya_3D_l+    515296K            nid[001122,001+ 
3359847.1610 alya_3D_l+    516236K            nid[001000,001+ 
3359847.1611 alya_3D_l+    516092K            nid[001030-001+ 
3359847.1612 alya_3D_l+    516088K            nid[001064,001+ 
3359847.1613 alya_3D_l+    499936K            nid[001000,001+ 
3359847.1614 alya_3D_l+    516132K            nid[001253-001+ 
3359847.1615 alya_3D_l+    516200K            nid[001420-001+ 
3359847.1616 alya_3D_l+    500300K            nid[001420-001+ 
3359847.1617 alya_3D_l+    500424K            nid[001000,001+ 
3359847.1618 alya_3D_l+    501708K            nid[001030-001+ 
3359847.1619 alya_3D_l+    516328K            nid[001000,001+ 
3359847.1620 alya_3D_l+    500304K            nid[001253-001+ 
3359847.1621 alya_3D_l+    500252K            nid[001420-001+ 
3359847.1622 alya_3D_l+    501016K            nid[001122,001+ 
3359847.1623 alya_3D_l+    499884K            nid[001000,001+ 
3359847.1624 alya_3D_l+    502964K            nid[001030-001+ 
3359847.1625 alya_3D_l+    500172K            nid[001064,001+ 
3359847.1626 alya_3D_l+    500288K            nid[001000,001+ 
3359847.1627 alya_3D_l+    500068K            nid[001921-001+ 
3359847.1628 alya_3D_l+    500136K            nid[001122,001+ 
3359847.1629 alya_3D_l+    501820K            nid[001253-001+ 
3359847.1630 alya_3D_l+    500252K            nid[001420-001+ 
3359847.1631 alya_3D_l+    500176K            nid[001000,001+ 
3359847.1632 alya_3D_l+    500508K            nid[001000,001+ 
3359847.1633 alya_3D_l+    500344K            nid[001921-001+ 
3359847.1634 alya_3D_l+    500012K            nid[001122,001+ 
3359847.1635 alya_3D_l+    500032K            nid[001253-001+ 
3359847.1636 alya_3D_l+    500080K            nid[001420-001+ 
3359847.1637 alya_3D_l+    500816K            nid[001030-001+ 
3359847.1638 alya_3D_l+    515364K            nid[001000,001+ 
3359847.1639 alya_3D_l+    500260K            nid[002657,002+ 
3359847.1640 alya_3D_l+    500296K            nid[001122,001+ 
3359847.1641 alya_3D_l+    500332K            nid[001253-001+ 
3359847.1642 alya_3D_l+    516256K            nid[001000,001+ 
3359847.1643 alya_3D_l+    515452K            nid[001000,001+ 
3359847.1644 alya_3D_l+    539864K            nid[001420-001+ 
3359847.1645 alya_3D_l+    516552K            nid[001921-001+ 
3359847.1646 alya_3D_l+    501228K            nid[001122,001+ 
3359847.1647 alya_3D_l+    516700K            nid[001253-001+ 
3359847.1648 alya_3D_l+    500108K            nid[001000,001+ 
3359847.1649 alya_3D_l+    516460K            nid[001000,001+ 
3359847.1650 alya_3D_l+    500316K            nid[001420-001+ 
3359847.1651 alya_3D_l+    499860K            nid[001921-001+ 
3359847.1652 alya_3D_l+    500308K            nid[001122,001+ 
3359847.1653 alya_3D_l+    500100K            nid[001122,001+ 
3359847.1654 alya_3D_l+    500384K            nid[001000,001+ 
3359847.1655 alya_3D_l+    500176K            nid[001253-001+ 
3359847.1656 alya_3D_l+    500428K            nid[001420-001+ 
3359847.1657 alya_3D_l+    515784K            nid[001921-001+ 
3359847.1658 alya_3D_l+    500592K            nid[001000,001+ 
3359847.1659 alya_3D_l+    500440K            nid[001122,001+ 
3359847.1660 alya_3D_l+    501064K            nid[001122,001+ 
3359847.1661 alya_3D_l+    499968K            nid[002657,002+ 
3359847.1662 alya_3D_l+    500132K            nid[001420-001+ 
3359847.1663 alya_3D_l+    500416K            nid[001921-001+ 
3359847.1664 alya_3D_l+    514084K            nid[001000,001+ 
3359847.1665 alya_3D_l+    500216K            nid[001253-001+ 
3359847.1666 alya_3D_l+    500536K            nid[001122,001+ 
3359847.1667 alya_3D_l+    500232K            nid[001431,001+ 
3359847.1668 alya_3D_l+    500428K            nid[001420-001+ 
3359847.1669 alya_3D_l+    499968K            nid[001921-001+ 
3359847.1670 alya_3D_l+    500572K            nid[001000,001+ 
3359847.1671 alya_3D_l+    499860K            nid[001000,001+ 
3359847.1672 alya_3D_l+    500328K            nid[001122,001+ 
3359847.1673 alya_3D_l+    516584K            nid[002640-002+ 
3359847.1674 alya_3D_l+    500008K            nid[001921-001+ 
3359847.1675 alya_3D_l+    500272K            nid[001253-001+ 
3359847.1676 alya_3D_l+    500256K            nid[001253-001+ 
3359847.1677 alya_3D_l+    515896K            nid[001000,001+ 
3359847.1678 alya_3D_l+    500292K            nid[001122,001+ 
3359847.1679 alya_3D_l+    500340K            nid[002630-002+ 
3359847.1680 alya_3D_l+    500464K            nid[001000,001+ 
3359847.1681 alya_3D_l+    500088K            nid[001000,001+ 
3359847.1682 alya_3D_l+    516520K            nid[001253-001+ 
3359847.1683 alya_3D_l+    500560K            nid[001420-001+ 
3359847.1684 alya_3D_l+    500068K            nid[001122,001+ 
3359847.1685 alya_3D_l+    500056K            nid[002657,002+ 
3359847.1686 alya_3D_l+    500072K            nid[001000,001+ 
3359847.1687 alya_3D_l+    501196K            nid[001000,001+ 
3359847.1688 alya_3D_l+    500260K            nid[001253-001+ 
3359847.1689 alya_3D_l+    500808K            nid[001420-001+ 
3359847.1690 alya_3D_l+    501504K            nid[001122,001+ 
3359847.1691 alya_3D_l+    500100K            nid[002657,002+ 
3359847.1692 alya_3D_l+    500260K            nid[001921-001+ 
3359847.1693 alya_3D_l+    500260K            nid[001420-001+ 
3359847.1694 alya_3D_l+    500372K            nid[001000,001+ 
3359847.1695 alya_3D_l+    500628K            nid[001000,001+ 
3359847.1696 alya_3D_l+    500500K            nid[001122,001+ 
3359847.1697 alya_3D_l+    499984K            nid[002657,002+ 
3359847.1698 alya_3D_l+    516148K            nid[001420-001+ 
3359847.1699 alya_3D_l+    515840K            nid[001420-001+ 
3359847.1700 alya_3D_l+    499836K            nid[001000,001+ 
3359847.1701 alya_3D_l+    516588K            nid[001030-001+ 
3359847.1702 alya_3D_l+    516252K            nid[001064,001+ 
3359847.1703 alya_3D_l+    500072K            nid[001000,001+ 
3359847.1704 alya_3D_l+    500208K            nid[001921-001+ 
3359847.1705 alya_3D_l+    500220K            nid[001420-001+ 
3359847.1706 alya_3D_l+    500236K            nid[001253-001+ 
3359847.1707 alya_3D_l+    517424K            nid[001253-001+ 
3359847.1708 alya_3D_l+    500504K            nid[001000,001+ 
3359847.1709 alya_3D_l+    499948K            nid[001030-001+ 
3359847.1710 alya_3D_l+    515960K            nid[001000,001+ 
3359847.1711 alya_3D_l+    500288K            nid[001420-001+ 
3359847.1712 alya_3D_l+    499944K            nid[001122,001+ 
3359847.1713 alya_3D_l+    499884K            nid[001122,001+ 
3359847.1714 alya_3D_l+    499752K            nid[001253-001+ 
3359847.1715 alya_3D_l+    500028K            nid[001253-001+ 
3359847.1716 alya_3D_l+    500216K            nid[001000,001+ 
3359847.1717 alya_3D_l+    500240K            nid[001000,001+ 
3359847.1718 alya_3D_l+    500408K            nid[001921-001+ 
3359847.1719 alya_3D_l+    500220K            nid[001000,001+ 
3359847.1720 alya_3D_l+    500016K            nid[001122,001+ 
3359847.1721 alya_3D_l+    500456K            nid[002657,002+ 
3359847.1722 alya_3D_l+    516324K            nid[001253-001+ 
3359847.1723 alya_3D_l+    501164K            nid[001253-001+ 
3359847.1724 alya_3D_l+    500116K            nid[001921-001+ 
3359847.1725 alya_3D_l+    500400K            nid[001000,001+ 
3359847.1726 alya_3D_l+    516340K            nid[001122,001+ 
3359847.1727 alya_3D_l+    500204K            nid[001149,001+ 
3359847.1728 alya_3D_l+    500076K            nid[001122,001+ 
3359847.1729 alya_3D_l+    501672K            nid[001271,001+ 
3359847.1730 alya_3D_l+    500196K            nid[001253-001+ 
3359847.1731 alya_3D_l+    500228K            nid[001000,001+ 
3359847.1732 alya_3D_l+    500372K            nid[001921-001+ 
3359847.1733 alya_3D_l+    500112K            nid[001000,001+ 
3359847.1734 alya_3D_l+    516260K            nid[001000,001+ 
3359847.1735 alya_3D_l+    500056K            nid[001271,001+ 
3359847.1736 alya_3D_l+    500232K            nid[001122,001+ 
3359847.1737 alya_3D_l+    516044K            nid[001122,001+ 
3359847.1738 alya_3D_l+    499940K            nid[001921-001+ 
3359847.1739 alya_3D_l+    500264K            nid[001420-001+ 
3359847.1740 alya_3D_l+    500300K            nid[001000,001+ 
3359847.1741 alya_3D_l+    500504K            nid[001000,001+ 
3359847.1742 alya_3D_l+    500092K            nid[001122,001+ 
3359847.1743 alya_3D_l+    500272K            nid[001271,001+ 
3359847.1744 alya_3D_l+    516104K            nid[001253-001+ 
3359847.1745 alya_3D_l+    500484K            nid[001420-001+ 
3359847.1746 alya_3D_l+    500212K            nid[001921-001+ 
3359847.1747 alya_3D_l+    500184K            nid[001000,001+ 
3359847.1748 alya_3D_l+    500448K            nid[001000,001+ 
3359847.1749 alya_3D_l+    500088K            nid[001122,001+ 
3359847.1750 alya_3D_l+    515392K            nid[001122,001+ 
3359847.1751 alya_3D_l+    500856K            nid[001253-001+ 
3359847.1752 alya_3D_l+    499916K            nid[001921-001+ 
3359847.1753 alya_3D_l+    500340K            nid[001420-001+ 
3359847.1754 alya_3D_l+    500128K            nid[001000,001+ 
3359847.1755 alya_3D_l+    500376K            nid[001000,001+ 
3359847.1756 alya_3D_l+    518408K            nid[001122,001+ 
3359847.1757 alya_3D_l+    500528K            nid[001149,001+ 
3359847.1758 alya_3D_l+    499956K            nid[001122,001+ 
3359847.1759 alya_3D_l+    500340K            nid[001420-001+ 
3359847.1760 alya_3D_l+    500088K            nid[002657,002+ 
3359847.1761 alya_3D_l+    515572K            nid[001000,001+ 
3359847.1762 alya_3D_l+    500328K            nid[001253-001+ 
3359847.1763 alya_3D_l+    500208K            nid[001253-001+ 
3359847.1764 alya_3D_l+    516136K            nid[001122,001+ 
3359847.1765 alya_3D_l+    499988K            nid[001122,001+ 
3359847.1766 alya_3D_l+    516324K            nid[001000,001+ 
3359847.1767 alya_3D_l+    516256K            nid[001000,001+ 
3359847.1768 alya_3D_l+    500572K            nid[001149,001+ 
3359847.1769 alya_3D_l+    500212K            nid[001194,001+ 
3359847.1770 alya_3D_l+    516276K            nid[001122,001+ 
3359847.1771 alya_3D_l+    500136K            nid[001420-001+ 
3359847.1772 alya_3D_l+    500152K            nid[001000,001+ 
3359847.1773 alya_3D_l+    499980K            nid[001000,001+ 
3359847.1774 alya_3D_l+    500360K            nid[001253-001+ 
3359847.1775 alya_3D_l+    500112K            nid[001493-001+ 
3359847.1776 alya_3D_l+    500252K            nid[001420-001+ 
3359847.1777 alya_3D_l+    500516K            nid[001122,001+ 
3359847.1778 alya_3D_l+    500292K            nid[001122,001+ 
3359847.1779 alya_3D_l+    500396K            nid[001000,001+ 
3359847.1780 alya_3D_l+    500132K            nid[001253-001+ 
3359847.1781 alya_3D_l+    499676K            nid[001431,001+ 
3359847.1782 alya_3D_l+    500180K            nid[001420-001+ 
3359847.1783 alya_3D_l+    499984K            nid[001122,001+ 
3359847.1784 alya_3D_l+    515120K            nid[001122,001+ 
3359847.1785 alya_3D_l+    516240K            nid[001000,001+ 
3359847.1786 alya_3D_l+    500452K            nid[001253-001+ 
3359847.1787 alya_3D_l+    516168K            nid[001921-001+ 
3359847.1788 alya_3D_l+    500588K            nid[001122,001+ 
3359847.1789 alya_3D_l+    501516K            nid[001000,001+ 
3359847.1790 alya_3D_l+    500368K            nid[001030-001+ 
3359847.1791 alya_3D_l+    499996K            nid[001000,001+ 
3359847.1792 alya_3D_l+    501332K            nid[001253-001+ 
3359847.1793 alya_3D_l+    500132K            nid[001420-001+ 
3359847.1794 alya_3D_l+    516332K            nid[001431,001+ 
3359847.1795 alya_3D_l+    516424K            nid[001420-001+ 
3359847.1796 alya_3D_l+    500188K            nid[001122,001+ 
3359847.1797 alya_3D_l+    500484K            nid[001000,001+ 
3359847.1798 alya_3D_l+    500432K            nid[001000,001+ 
3359847.1799 alya_3D_l+    515356K            nid[001122,001+ 
3359847.1800 alya_3D_l+    516308K            nid[001030-001+ 
3359847.1801 alya_3D_l+    500740K            nid[001064,001+ 
3359847.1802 alya_3D_l+    515808K            nid[001000,001+ 
3359847.1803 alya_3D_l+    500268K            nid[002657,002+ 
3359847.1804 alya_3D_l+    514220K            nid[001253-001+ 
3359847.1805 alya_3D_l+    500072K            nid[001921-001+ 
3359847.1806 alya_3D_l+    500540K            nid[001000,001+ 
3359847.1807 alya_3D_l+    500196K            nid[001000,001+ 
3359847.1808 alya_3D_l+    500132K            nid[001122,001+ 
3359847.1809 alya_3D_l+    500388K            nid[001420-001+ 
3359847.1810 alya_3D_l+    515516K            nid[002657,002+ 
3359847.1811 alya_3D_l+    500148K            nid[001921-001+ 
3359847.1812 alya_3D_l+    500156K            nid[001000,001+ 
3359847.1813 alya_3D_l+    514680K            nid[001000,001+ 
3359847.1814 alya_3D_l+    500204K            nid[001122,001+ 
3359847.1815 alya_3D_l+    519384K            nid[001431,001+ 
3359847.1816 alya_3D_l+    500228K            nid[001420-001+ 
3359847.1817 alya_3D_l+    516288K            nid[001921-001+ 
3359847.1818 alya_3D_l+    499952K            nid[001000,001+ 
3359847.1819 alya_3D_l+    516172K            nid[001000,001+ 
3359847.1820 alya_3D_l+    500200K            nid[001149,001+ 
3359847.1821 alya_3D_l+    516208K            nid[001194,001+ 
3359847.1822 alya_3D_l+    500104K            nid[001122,001+ 
3359847.1823 alya_3D_l+    500112K            nid[001420-001+ 
3359847.1824 alya_3D_l+    500288K            nid[001000,001+ 
3359847.1825 alya_3D_l+    504144K            nid[001000,001+ 
3359847.1826 alya_3D_l+    500452K            nid[001431,001+ 
3359847.1827 alya_3D_l+    500036K            nid[001122,001+ 
3359847.1828 alya_3D_l+    516184K            nid[001149,001+ 
3359847.1829 alya_3D_l+    500064K            nid[001122,001+ 
3359847.1830 alya_3D_l+    500020K            nid[001000,001+ 
3359847.1831 alya_3D_l+    502504K            nid[001000,001+ 
3359847.1832 alya_3D_l+    500552K            nid[001921-001+ 
3359847.1833 alya_3D_l+    500460K            nid[001420-001+ 
3359847.1834 alya_3D_l+    500156K            nid[001122,001+ 
3359847.1835 alya_3D_l+    516564K            nid[001000,001+ 
3359847.1836 alya_3D_l+    500128K            nid[001000,001+ 
3359847.1837 alya_3D_l+    515908K            nid[001253-001+ 
3359847.1838 alya_3D_l+    516264K            nid[001921-001+ 
3359847.1839 alya_3D_l+    514936K            nid[001000,001+ 
3359847.1840 alya_3D_l+    501928K            nid[001030-001+ 
3359847.1841 alya_3D_l+    500076K            nid[001000,001+ 
3359847.1842 alya_3D_l+    500248K            nid[001122,001+ 
3359847.1843 alya_3D_l+    500060K            nid[001253-001+ 
3359847.1844 alya_3D_l+    499848K            nid[001921-001+ 
3359847.1845 alya_3D_l+    500116K            nid[001000,001+ 
3359847.1846 alya_3D_l+    500016K            nid[001030-001+ 
3359847.1847 alya_3D_l+    500172K            nid[001064,001+ 
3359847.1848 alya_3D_l+    500204K            nid[001000,001+ 
3359847.1849 alya_3D_l+    500268K            nid[001122,001+ 
3359847.1850 alya_3D_l+    500128K            nid[001921-001+ 
3359847.1851 alya_3D_l+    516104K            nid[001420-001+ 
3359847.1852 alya_3D_l+    500416K            nid[001420-001+ 
3359847.1853 alya_3D_l+    499892K            nid[001000,001+ 
3359847.1854 alya_3D_l+    500168K            nid[001030-001+ 
3359847.1855 alya_3D_l+    500492K            nid[001064,001+ 
3359847.1856 alya_3D_l+    516148K            nid[001000,001+ 
3359847.1857 alya_3D_l+    500176K            nid[001420-001+ 
3359847.1858 alya_3D_l+    516292K            nid[001122,001+ 
3359847.1859 alya_3D_l+    500572K            nid[001122,001+ 
3359847.1860 alya_3D_l+    500592K            nid[001000,001+ 
3359847.1861 alya_3D_l+    500556K            nid[001000,001+ 
3359847.1862 alya_3D_l+    500484K            nid[001253-001+ 
3359847.1863 alya_3D_l+    500388K            nid[001420-001+ 
3359847.1864 alya_3D_l+    500280K            nid[001122,001+ 
3359847.1865 alya_3D_l+    516120K            nid[001030-001+ 
3359847.1866 alya_3D_l+    500444K            nid[001000,001+ 
3359847.1867 alya_3D_l+    500268K            nid[001253-001+ 
3359847.1868 alya_3D_l+    516640K            nid[001921-001+ 
3359847.1869 alya_3D_l+    500180K            nid[002657,002+ 
3359847.1870 alya_3D_l+    500236K            nid[001420-001+ 
3359847.1871 alya_3D_l+    500072K            nid[001000,001+ 
3359847.1872 alya_3D_l+    500236K            nid[001030-001+ 
3359847.1873 alya_3D_l+    500208K            nid[001000,001+ 
3359847.1874 alya_3D_l+    500476K            nid[001921-001+ 
3359847.1875 alya_3D_l+    500476K            nid[001921-001+ 
3359847.1876 alya_3D_l+    500216K            nid[001420-001+ 
3359847.1877 alya_3D_l+    499996K            nid[001122,001+ 
3359847.1878 alya_3D_l+    500044K            nid[001000,001+ 
3359847.1879 alya_3D_l+    500212K            nid[001253-001+ 
3359847.1880 alya_3D_l+    504196K            nid[001420-001+ 
3359847.1881 alya_3D_l+    500240K            nid[001122,001+ 
3359847.1882 alya_3D_l+    500388K            nid[001122,001+ 
3359847.1883 alya_3D_l+    521252K            nid[002657,002+ 
3359847.1884 alya_3D_l+    515136K            nid[001000,001+ 
3359847.1885 alya_3D_l+    500220K            nid[001253-001+ 
3359847.1886 alya_3D_l+    501192K            nid[001420-001+ 
3359847.1887 alya_3D_l+    502160K            nid[001921-001+ 
3359847.1888 alya_3D_l+    516020K            nid[001000,001+ 
3359847.1889 alya_3D_l+    502196K            nid[001000,001+ 
3359847.1890 alya_3D_l+    501300K            nid[002657,002+ 
3359847.1891 alya_3D_l+    500392K            nid[001253-001+ 
3359847.1892 alya_3D_l+    516128K            nid[001420-001+ 
3359847.1893 alya_3D_l+    501728K            nid[001921-001+ 
3359847.1894 alya_3D_l+    516028K            nid[001000,001+ 
3359847.1895 alya_3D_l+    499976K            nid[001000,001+ 
3359847.1896 alya_3D_l+    516420K            nid[001253-001+ 
3359847.1897 alya_3D_l+    500004K            nid[002657,002+ 
3359847.1898 alya_3D_l+    500424K            nid[001420-001+ 
3359847.1899 alya_3D_l+    501940K            nid[001921-001+ 
3359847.1900 alya_3D_l+    500700K            nid[001122,001+ 
3359847.1901 alya_3D_l+    500292K            nid[001000,001+ 
3359847.1902 alya_3D_l+    500036K            nid[001000,001+ 
3359847.1903 alya_3D_l+    500212K            nid[001253-001+ 
3359847.1904 alya_3D_l+    500456K            nid[001122,001+ 
3359847.1905 alya_3D_l+    500120K            nid[001122,001+ 
3359847.1906 alya_3D_l+    500216K            nid[001921-001+ 
3359847.1907 alya_3D_l+    500708K            nid[002657,002+ 
3359847.1908 alya_3D_l+    500096K            nid[001000,001+ 
3359847.1909 alya_3D_l+    500432K            nid[001000,001+ 
3359847.1910 alya_3D_l+    500340K            nid[001420-001+ 
3359847.1911 alya_3D_l+    500320K            nid[001122,001+ 
3359847.1912 alya_3D_l+    516560K            nid[001149,001+ 
3359847.1913 alya_3D_l+    500196K            nid[001122,001+ 
3359847.1914 alya_3D_l+    499952K            nid[001253-001+ 
3359847.1915 alya_3D_l+    500216K            nid[001000,001+ 
3359847.1916 alya_3D_l+    516396K            nid[001000,001+ 
3359847.1917 alya_3D_l+    500388K            nid[001921-001+ 
3359847.1918 alya_3D_l+    500164K            nid[002657,002+ 
3359847.1919 alya_3D_l+    500400K            nid[001122,001+ 
3359847.1920 alya_3D_l+    502568K            nid[001253-001+ 
3359847.1921 alya_3D_l+    500388K            nid[001431,001+ 
3359847.1922 alya_3D_l+    500376K            nid[001000,001+ 
3359847.1923 alya_3D_l+    516256K            nid[001030-001+ 
3359847.1924 alya_3D_l+    500116K            nid[001000,001+ 
3359847.1925 alya_3D_l+    515960K            nid[001122,001+ 
3359847.1926 alya_3D_l+    516216K            nid[001253-001+ 
3359847.1927 alya_3D_l+    500152K            nid[001921-001+ 
3359847.1928 alya_3D_l+    502196K            nid[001000,001+ 
3359847.1929 alya_3D_l+    500272K            nid[001000,001+ 
3359847.1930 alya_3D_l+    500096K            nid[001420-001+ 
3359847.1931 alya_3D_l+    515596K            nid[001122,001+ 
3359847.1932 alya_3D_l+    500048K            nid[001253-001+ 
3359847.1933 alya_3D_l+    500440K            nid[001000,001+ 
3359847.1934 alya_3D_l+    500008K            nid[001030-001+ 
3359847.1935 alya_3D_l+    515288K            nid[001064,001+ 
3359847.1936 alya_3D_l+    500100K            nid[001106,001+ 
3359847.1937 alya_3D_l+    500100K            nid[001000,001+ 
3359847.1938 alya_3D_l+    500616K            nid[001253-001+ 
3359847.1939 alya_3D_l+    516088K            nid[001122,001+ 
3359847.1940 alya_3D_l+    500244K            nid[001149,001+ 
3359847.1941 alya_3D_l+    500176K            nid[001122,001+ 
3359847.1942 alya_3D_l+    515532K            nid[001420-001+ 
3359847.1943 alya_3D_l+    500412K            nid[001000,001+ 
3359847.1944 alya_3D_l+    501844K            nid[001253-001+ 
3359847.1945 alya_3D_l+    500204K            nid[001000,001+ 
3359847.1946 alya_3D_l+    500156K            nid[001921-001+ 
3359847.1947 alya_3D_l+    500132K            nid[001122,001+ 
3359847.1948 alya_3D_l+    500328K            nid[001149,001+ 
3359847.1949 alya_3D_l+    514480K            nid[001122,001+ 
3359847.1950 alya_3D_l+    500200K            nid[001253-001+ 
3359847.1951 alya_3D_l+    500068K            nid[001000,001+ 
3359847.1952 alya_3D_l+    500584K            nid[001420-001+ 
3359847.1953 alya_3D_l+    500656K            nid[001431,001+ 
3359847.1954 alya_3D_l+    500056K            nid[001420-001+ 
3359847.1955 alya_3D_l+    516404K            nid[001122,001+ 
3359847.1956 alya_3D_l+    500140K            nid[001122,001+ 
3359847.1957 alya_3D_l+    500020K            nid[001000,001+ 
3359847.1958 alya_3D_l+    515340K            nid[001431,001+ 
3359847.1959 alya_3D_l+    517380K            nid[001420-001+ 
3359847.1960 alya_3D_l+    500412K            nid[001921-001+ 
3359847.1961 alya_3D_l+    500632K            nid[001000,001+ 
3359847.1962 alya_3D_l+    500196K            nid[001122,001+ 
3359847.1963 alya_3D_l+    500268K            nid[001253-001+ 
3359847.1964 alya_3D_l+    516032K            nid[002630-002+ 
3359847.1965 alya_3D_l+    500216K            nid[001000,001+ 
3359847.1966 alya_3D_l+    500320K            nid[001030-001+ 
3359847.1967 alya_3D_l+    500396K            nid[001000,001+ 
3359847.1968 alya_3D_l+    500268K            nid[001122,001+ 
3359847.1969 alya_3D_l+    500344K            nid[001253-001+ 
3359847.1970 alya_3D_l+    500084K            nid[001122,001+ 
3359847.1971 alya_3D_l+    519076K            nid[001149,001+ 
3359847.1972 alya_3D_l+    500436K            nid[001194,001+ 
3359847.1973 alya_3D_l+    500104K            nid[001000,001+ 
3359847.1974 alya_3D_l+    516296K            nid[001000,001+ 
3359847.1975 alya_3D_l+    500184K            nid[001253-001+ 
3359847.1976 alya_3D_l+    515984K            nid[001420-001+ 
3359847.1977 alya_3D_l+    500044K            nid[001030-001+ 
3359847.1978 alya_3D_l+    500076K            nid[001064,001+ 
3359847.1979 alya_3D_l+    499960K            nid[001000,001+ 
3359847.1980 alya_3D_l+    515936K            nid[001122,001+ 
3359847.1981 alya_3D_l+    500000K            nid[001253-001+ 
3359847.1982 alya_3D_l+    500184K            nid[001420-001+ 
3359847.1983 alya_3D_l+    500512K            nid[001420-001+ 
3359847.1984 alya_3D_l+    500188K            nid[001149,001+ 
3359847.1985 alya_3D_l+    502448K            nid[001000,001+ 
3359847.1986 alya_3D_l+    499920K            nid[001000,001+ 
3359847.1987 alya_3D_l+    516196K            nid[001253-001+ 
3359847.1988 alya_3D_l+    500120K            nid[001921-001+ 
3359847.1989 alya_3D_l+    500084K            nid[001122,001+ 
3359847.1990 alya_3D_l+    516348K            nid[001000,001+ 
3359847.1991 alya_3D_l+    499892K            nid[001030-001+ 
3359847.1992 alya_3D_l+    500492K            nid[001064,001+ 
3359847.1993 alya_3D_l+    500104K            nid[001000,001+ 
3359847.1994 alya_3D_l+    499928K            nid[001921-001+ 
3359847.1995 alya_3D_l+    500992K            nid[001253-001+ 
3359847.1996 alya_3D_l+    500620K            nid[001030-001+ 
3359847.1997 alya_3D_l+    516428K            nid[001000,001+ 
3359847.1998 alya_3D_l+    500064K            nid[001064,001+ 
3359847.1999 alya_3D_l+    500148K            nid[001000,001+ 
3359847.2000 alya_3D_l+    500152K            nid[001420-001+ 
3359847.2001 alya_3D_l+    488.50M            nid[001122,001+ 
3359847.2002 alya_3D_l+    501860K            nid[001122,001+ 
3359847.2003 alya_3D_l+    500348K            nid[001000,001+ 
3359847.2004 alya_3D_l+    515688K            nid[001030-001+ 
3359847.2005 alya_3D_l+    499920K            nid[001000,001+ 
3359847.2006 alya_3D_l+    500216K            nid[001420-001+ 
3359847.2007 alya_3D_l+    500020K            nid[001122,001+ 
3359847.2008 alya_3D_l+    516304K            nid[001000,001+ 
3359847.2009 alya_3D_l+    500000K            nid[001030-001+ 
3359847.2010 alya_3D_l+    500164K            nid[001064,001+ 
3359847.2011 alya_3D_l+    516188K            nid[001000,001+ 
3359847.2012 alya_3D_l+    500528K            nid[001420-001+ 
3359847.2013 alya_3D_l+    516268K            nid[001253-001+ 
3359847.2014 alya_3D_l+    500044K            nid[001122,001+ 
3359847.2015 alya_3D_l+    500164K            nid[001149,001+ 
3359847.2016 alya_3D_l+    500320K            nid[001000,001+ 
3359847.2017 alya_3D_l+    515300K            nid[001030-001+ 
3359847.2018 alya_3D_l+    500092K            nid[001000,001+ 
3359847.2019 alya_3D_l+    500068K            nid[001253-001+ 
3359847.2020 alya_3D_l+    499892K            nid[001420-001+ 
3359847.2021 alya_3D_l+    519292K            nid[001030-001+ 
3359847.2022 alya_3D_l+    501044K            nid[001000,001+ 
3359847.2023 alya_3D_l+    499684K            nid[001000,001+ 
3359847.2024 alya_3D_l+    504756K            nid[001122,001+ 
3359847.2025 alya_3D_l+    500100K            nid[001253-001+ 
3359847.2026 alya_3D_l+    500120K            nid[001000,001+ 
3359847.2027 alya_3D_l+    499952K            nid[001149,001+ 
3359847.2028 alya_3D_l+    500148K            nid[001122,001+ 
3359847.2029 alya_3D_l+    515560K            nid[002630-002+ 
3359847.2030 alya_3D_l+    516380K            nid[001921-001+ 
3359847.2031 alya_3D_l+    500376K            nid[001253-001+ 
3359847.2032 alya_3D_l+    503100K            nid[001000,001+ 
3359847.2033 alya_3D_l+    500304K            nid[001420-001+ 
3359847.2034 alya_3D_l+    516508K            nid[001122,001+ 
3359847.2035 alya_3D_l+    500872K            nid[001122,001+ 
3359847.2036 alya_3D_l+    499936K            nid[001253-001+ 
3359847.2037 alya_3D_l+    500472K            nid[001921-001+ 
3359847.2038 alya_3D_l+    499884K            nid[001000,001+ 
3359847.2039 alya_3D_l+    500088K            nid[001122,001+ 
3359847.2040 alya_3D_l+    500200K            nid[001420-001+ 
3359847.2041 alya_3D_l+    500032K            nid[002657,002+ 
3359847.2042 alya_3D_l+    515704K            nid[001921-001+ 
3359847.2043 alya_3D_l+    516372K            nid[001253-001+ 
3359847.2044 alya_3D_l+    515960K            nid[001000,001+ 
3359847.2045 alya_3D_l+    500312K            nid[001122,001+ 
3359847.2046 alya_3D_l+    500120K            nid[001149,001+ 
3359847.2047 alya_3D_l+    516568K            nid[001122,001+ 
3359847.2048 alya_3D_l+    515364K            nid[001253-001+ 
3359847.2049 alya_3D_l+    500840K            nid[001253-001+ 
3359847.2050 alya_3D_l+    500512K            nid[001000,001+ 
3359847.2051 alya_3D_l+    500544K            nid[001000,001+ 
3359847.2052 alya_3D_l+    515684K            nid[001030-001+ 
3359847.2053 alya_3D_l+    500740K            nid[001000,001+ 
3359847.2054 alya_3D_l+    499964K            nid[001122,001+ 
3359847.2055 alya_3D_l+    500496K            nid[001149,001+ 
3359847.2056 alya_3D_l+    500480K            nid[001122,001+ 
3359847.2057 alya_3D_l+    516252K            nid[001921-001+ 
3359847.2058 alya_3D_l+    500096K            nid[001420-001+ 
3359847.2059 alya_3D_l+    516280K            nid[001000,001+ 
3359847.2060 alya_3D_l+    500168K            nid[001000,001+ 
3359847.2061 alya_3D_l+    515132K            nid[001149,001+ 
3359847.2062 alya_3D_l+    500228K            nid[001122,001+ 
3359847.2063 alya_3D_l+    514692K            nid[001921-001+ 
3359847.2064 alya_3D_l+    516020K            nid[001420-001+ 
3359847.2065 alya_3D_l+    515756K            nid[002657,002+ 
3359847.2066 alya_3D_l+    500028K            nid[001000,001+ 
3359847.2067 alya_3D_l+    499888K            nid[001000,001+ 
3359847.2068 alya_3D_l+    500028K            nid[001122,001+ 
3359847.2069 alya_3D_l+    488.50M            nid[001253-001+ 
3359847.2070 alya_3D_l+    500132K            nid[001420-001+ 
3359847.2071 alya_3D_l+    499704K            nid[001921-001+ 
3359847.2072 alya_3D_l+    514288K            nid[001000,001+ 
3359847.2073 alya_3D_l+    516756K            nid[001030-001+ 
3359847.2074 alya_3D_l+    500220K            nid[001064,001+ 
3359847.2075 alya_3D_l+    516572K            nid[001000,001+ 
3359847.2076 alya_3D_l+    500212K            nid[001253-001+ 
3359847.2077 alya_3D_l+    500132K            nid[001000,001+ 
3359847.2078 alya_3D_l+    500332K            nid[001030-001+ 
3359847.2079 alya_3D_l+    500344K            nid[001064,001+ 
3359847.2080 alya_3D_l+    516252K            nid[001106,001+ 
3359847.2081 alya_3D_l+    500300K            nid[001000,001+ 
3359847.2082 alya_3D_l+    516348K            nid[001122,001+ 
3359847.2083 alya_3D_l+    500440K            nid[001122,001+ 
3359847.2084 alya_3D_l+    500312K            nid[001000,001+ 
3359847.2085 alya_3D_l+    500096K            nid[001030-001+ 
3359847.2086 alya_3D_l+    516144K            nid[001064,001+ 
3359847.2087 alya_3D_l+    500116K            nid[001000,001+ 
3359847.2088 alya_3D_l+    500068K            nid[001000,001+ 
3359847.2089 alya_3D_l+    500028K            nid[001030-001+ 
3359847.2090 alya_3D_l+    500092K            nid[001064,001+ 
3359847.2091 alya_3D_l+    500088K            nid[001106,001+ 
3359847.2092 alya_3D_l+    499920K            nid[001253-001+ 
3359847.2093 alya_3D_l+    500100K            nid[001000,001+ 
3359847.2094 alya_3D_l+    500256K            nid[001122,001+ 
3359847.2095 alya_3D_l+    500260K            nid[001122,001+ 
3359847.2096 alya_3D_l+    500344K            nid[001921-001+ 
3359847.2097 alya_3D_l+    500376K            nid[001000,001+ 
3359847.2098 alya_3D_l+    500496K            nid[001271,001+ 
3359847.2099 alya_3D_l+    516088K            nid[001253-001+ 
3359847.2100 alya_3D_l+    499932K            nid[001122,001+ 
3359847.2101 alya_3D_l+    500472K            nid[001122,001+ 
3359847.2102 alya_3D_l+    500240K            nid[001921-001+ 
3359847.2103 alya_3D_l+    516520K            nid[001000,001+ 
3359847.2104 alya_3D_l+    516220K            nid[001253-001+ 
3359847.2105 alya_3D_l+    500212K            nid[001253-001+ 
3359847.2106 alya_3D_l+    500176K            nid[002657,002+ 
3359847.2107 alya_3D_l+    500028K            nid[001000,001+ 
3359847.2108 alya_3D_l+    500052K            nid[001122,001+ 
3359847.2109 alya_3D_l+    500144K            nid[001921-001+ 
3359847.2110 alya_3D_l+    500152K            nid[001253-001+ 
3359847.2111 alya_3D_l+    499956K            nid[001271,001+ 
3359847.2112 alya_3D_l+    500548K            nid[001253-001+ 
3359847.2113 alya_3D_l+    500092K            nid[001000,001+ 
3359847.2114 alya_3D_l+    516196K            nid[001149,001+ 
3359847.2115 alya_3D_l+    515972K            nid[001122,001+ 
3359847.2116 alya_3D_l+    516224K            nid[001420-001+ 
3359847.2117 alya_3D_l+    500072K            nid[002657,002+ 
3359847.2118 alya_3D_l+    500132K            nid[001253-001+ 
3359847.2119 alya_3D_l+    500480K            nid[001000,001+ 
3359847.2120 alya_3D_l+    500300K            nid[001122,001+ 
3359847.2121 alya_3D_l+    515752K            nid[001122,001+ 
3359847.2122 alya_3D_l+    500456K            nid[001253-001+ 
3359847.2123 alya_3D_l+    500448K            nid[001420-001+ 
3359847.2124 alya_3D_l+    516056K            nid[001000,001+ 
3359847.2125 alya_3D_l+    500120K            nid[001000,001+ 
3359847.2126 alya_3D_l+    500152K            nid[001122,001+ 
3359847.2127 alya_3D_l+    500396K            nid[001122,001+ 
3359847.2128 alya_3D_l+    515152K            nid[001253-001+ 
3359847.2129 alya_3D_l+    500136K            nid[001000,001+ 
3359847.2130 alya_3D_l+    516072K            nid[001000,001+ 
3359847.2131 alya_3D_l+    499900K            nid[002630-002+ 
3359847.2132 alya_3D_l+    500156K            nid[001921-001+ 
3359847.2133 alya_3D_l+    499864K            nid[001122,001+ 
3359847.2134 alya_3D_l+    504752K            nid[001253-001+ 
3359847.2135 alya_3D_l+    500072K            nid[001000,001+ 
3359847.2136 alya_3D_l+    499972K            nid[001000,001+ 
3359847.2137 alya_3D_l+    505800K            nid[002630-002+ 
3359847.2138 alya_3D_l+    500280K            nid[001921-001+ 
3359847.2139 alya_3D_l+    516292K            nid[001122,001+ 
3359847.2140 alya_3D_l+    500192K            nid[001253-001+ 
3359847.2141 alya_3D_l+    516464K            nid[001000,001+ 
3359847.2142 alya_3D_l+    500028K            nid[001030-001+ 
3359847.2143 alya_3D_l+    500084K            nid[001064,001+ 
3359847.2144 alya_3D_l+    504784K            nid[001000,001+ 
3359847.2145 alya_3D_l+    515888K            nid[001030-001+ 
3359847.2146 alya_3D_l+    500124K            nid[001106,001+ 
3359847.2147 alya_3D_l+    500260K            nid[001064,001+ 
3359847.2148 alya_3D_l+    499968K            nid[001000,001+ 
3359847.2149 alya_3D_l+    500108K            nid[001030-001+ 
3359847.2150 alya_3D_l+    520196K            nid[001106,001+ 
3359847.2151 alya_3D_l+    500056K            nid[001000,001+ 
3359847.2152 alya_3D_l+    500032K            nid[001030-001+ 
3359847.2153 alya_3D_l+    515748K            nid[001064,001+ 
3359847.2154 alya_3D_l+    500244K            nid[001000,001+ 
3359847.2155 alya_3D_l+    500028K            nid[001030-001+ 
3359847.2156 alya_3D_l+    499896K            nid[001064,001+ 
3359847.2157 alya_3D_l+    500172K            nid[001000,001+ 
3359847.2158 alya_3D_l+    504.50M            nid[001030-001+ 
3359847.2159 alya_3D_l+    516196K            nid[001000,001+ 
3359847.2160 alya_3D_l+    500176K            nid[001000,001+ 
3359847.2161 alya_3D_l+    500540K            nid[001000,001+ 
3359847.2162 alya_3D_l+    500576K            nid[001149,001+ 
3359847.2163 alya_3D_l+    500504K            nid[001194,001+ 
3359847.2164 alya_3D_l+    500588K            nid[001122,001+ 
3359847.2165 alya_3D_l+    500492K            nid[001253-001+ 
3359847.2166 alya_3D_l+    500196K            nid[001000,001+ 
3359847.2167 alya_3D_l+    500400K            nid[001312,001+ 
3359847.2168 alya_3D_l+    501804K            nid[001406-001+ 
3359847.2169 alya_3D_l+    499968K            nid[001122,001+ 
3359847.2170 alya_3D_l+    500176K            nid[001149,001+ 
3359847.2171 alya_3D_l+    499984K            nid[001122,001+ 
3359847.2172 alya_3D_l+    500076K            nid[001000,001+ 
3359847.2173 alya_3D_l+    500472K            nid[001000,001+ 
3359847.2174 alya_3D_l+    500148K            nid[001194,001+ 
3359847.2175 alya_3D_l+    502200K            nid[001122,001+ 
3359847.2176 alya_3D_l+    500176K            nid[001271,001+ 
3359847.2177 alya_3D_l+    501928K            nid[001253-001+ 
3359847.2178 alya_3D_l+    500564K            nid[001921-001+ 
3359847.2179 alya_3D_l+    500364K            nid[001000,001+ 
3359847.2180 alya_3D_l+    500288K            nid[001122,001+ 
3359847.2181 alya_3D_l+    500532K            nid[001122,001+ 
3359847.2182 alya_3D_l+    500188K            nid[001253-001+ 
3359847.2183 alya_3D_l+    499764K            nid[002657,002+ 
3359847.2184 alya_3D_l+    516132K            nid[001000,001+ 
3359847.2185 alya_3D_l+    500168K            nid[001000,001+ 
3359847.2186 alya_3D_l+    500012K            nid[001122,001+ 
3359847.2187 alya_3D_l+    500268K            nid[001122,001+ 
3359847.2188 alya_3D_l+    516836K            nid[001253-001+ 
3359847.2189 alya_3D_l+    499944K            nid[001030-001+ 
3359847.2190 alya_3D_l+    516780K            nid[001000,001+ 
3359847.2191 alya_3D_l+    500084K            nid[001921-001+ 
3359847.2192 alya_3D_l+    516412K            nid[001420-001+ 
3359847.2193 alya_3D_l+    516664K            nid[001122,001+ 
3359847.2194 alya_3D_l+    500296K            nid[001253-001+ 
3359847.2195 alya_3D_l+    499800K            nid[001000,001+ 
3359847.2196 alya_3D_l+    499992K            nid[001000,001+ 
3359847.2197 alya_3D_l+    500228K            nid[001122,001+ 
3359847.2198 alya_3D_l+    500116K            nid[001149,001+ 
3359847.2199 alya_3D_l+    500100K            nid[001122,001+ 
3359847.2200 alya_3D_l+    500260K            nid[001253-001+ 
3359847.2201 alya_3D_l+    500600K            nid[001921-001+ 
3359847.2202 alya_3D_l+    500128K            nid[001000,001+ 
3359847.2203 alya_3D_l+    500228K            nid[001271,001+ 
3359847.2204 alya_3D_l+    500180K            nid[001312,001+ 
3359847.2205 alya_3D_l+    500112K            nid[001122,001+ 
3359847.2206 alya_3D_l+    500636K            nid[001122,001+ 
3359847.2207 alya_3D_l+    500072K            nid[001921-001+ 
3359847.2208 alya_3D_l+    500120K            nid[001000,001+ 
3359847.2209 alya_3D_l+    500252K            nid[001149,001+ 
3359847.2210 alya_3D_l+    500140K            nid[001194,001+ 
3359847.2211 alya_3D_l+    500052K            nid[001122,001+ 
3359847.2212 alya_3D_l+    499808K            nid[001253-001+ 
3359847.2213 alya_3D_l+    500660K            nid[001253-001+ 
3359847.2214 alya_3D_l+    500512K            nid[001000,001+ 
3359847.2215 alya_3D_l+    518428K            nid[001921-001+ 
3359847.2216 alya_3D_l+    516152K            nid[001000,001+ 
3359847.2217 alya_3D_l+    500036K            nid[001030-001+ 
3359847.2218 alya_3D_l+    516184K            nid[001000,001+ 
3359847.2219 alya_3D_l+    499944K            nid[001253-001+ 
3359847.2220 alya_3D_l+    500024K            nid[001420-001+ 
3359847.2221 alya_3D_l+    500072K            nid[001921-001+ 
3359847.2222 alya_3D_l+    500468K            nid[001122,001+ 
3359847.2223 alya_3D_l+    500476K            nid[001149,001+ 
3359847.2224 alya_3D_l+    516036K            nid[001000,001+ 
3359847.2225 alya_3D_l+    500128K            nid[001030-001+ 
3359847.2226 alya_3D_l+    500064K            nid[001000,001+ 
3359847.2227 alya_3D_l+    500100K            nid[001420-001+ 
3359847.2228 alya_3D_l+    515436K            nid[001921-001+ 
3359847.2229 alya_3D_l+    500180K            nid[001253-001+ 
3359847.2230 alya_3D_l+    499988K            nid[001030-001+ 
3359847.2231 alya_3D_l+    500328K            nid[001000,001+ 
3359847.2232 alya_3D_l+    500400K            nid[001000,001+ 
3359847.2233 alya_3D_l+    500500K            nid[001122,001+ 
3359847.2234 alya_3D_l+    500220K            nid[001149,001+ 
3359847.2235 alya_3D_l+    500044K            nid[001194,001+ 
3359847.2236 alya_3D_l+    501332K            nid[001218,001+ 
3359847.2237 alya_3D_l+    501992K            nid[001122,001+ 
3359847.2238 alya_3D_l+    500192K            nid[001000,001+ 
3359847.2239 alya_3D_l+    500108K            nid[001000,001+ 
3359847.2240 alya_3D_l+    500308K            nid[001253-001+ 
3359847.2241 alya_3D_l+    517316K            nid[001921-001+ 
3359847.2242 alya_3D_l+    499680K            nid[001000,001+ 
3359847.2243 alya_3D_l+    500048K            nid[001000,001+ 
3359847.2244 alya_3D_l+    500520K            nid[001122,001+ 
3359847.2245 alya_3D_l+    500500K            nid[002657,002+ 
3359847.2246 alya_3D_l+    500244K            nid[001253-001+ 
3359847.2247 alya_3D_l+    500172K            nid[001921-001+ 
3359847.2248 alya_3D_l+    500396K            nid[001000,001+ 
3359847.2249 alya_3D_l+    500516K            nid[001000,001+ 
3359847.2250 alya_3D_l+    516424K            nid[001122,001+ 
3359847.2251 alya_3D_l+    500384K            nid[001122,001+ 
3359847.2252 alya_3D_l+    517300K            nid[001253-001+ 
3359847.2253 alya_3D_l+    500064K            nid[001921-001+ 
3359847.2254 alya_3D_l+    516292K            nid[001000,001+ 
3359847.2255 alya_3D_l+    516124K            nid[001420-001+ 
3359847.2256 alya_3D_l+    499868K            nid[002657,002+ 
3359847.2257 alya_3D_l+    515484K            nid[001271,001+ 
3359847.2258 alya_3D_l+    500276K            nid[001122,001+ 
3359847.2259 alya_3D_l+    516692K            nid[001122,001+ 
3359847.2260 alya_3D_l+    500236K            nid[001000,001+ 
3359847.2261 alya_3D_l+    500072K            nid[002657,002+ 
3359847.2262 alya_3D_l+    500180K            nid[001420-001+ 
3359847.2263 alya_3D_l+    500080K            nid[001122,001+ 
3359847.2264 alya_3D_l+    500188K            nid[001149,001+ 
3359847.2265 alya_3D_l+    500172K            nid[001122,001+ 
3359847.2266 alya_3D_l+    488.50M            nid[001000,001+ 
3359847.2267 alya_3D_l+    515144K            nid[001000,001+ 
3359847.2268 alya_3D_l+    500748K            nid[002657,002+ 
3359847.2269 alya_3D_l+    500100K            nid[001122,001+ 
3359847.2270 alya_3D_l+    516116K            nid[001149,001+ 
3359847.2271 alya_3D_l+    514312K            nid[001122,001+ 
3359847.2272 alya_3D_l+    500304K            nid[001420-001+ 
3359847.2273 alya_3D_l+    488.50M            nid[001000,001+ 
3359847.2274 alya_3D_l+    500184K            nid[002657,002+ 
3359847.2275 alya_3D_l+    500308K            nid[001253-001+ 
3359847.2276 alya_3D_l+    500108K            nid[001921-001+ 
3359847.2277 alya_3D_l+    500032K            nid[001122,001+ 
3359847.2278 alya_3D_l+    500624K            nid[001420-001+ 
3359847.2279 alya_3D_l+    500476K            nid[001000,001+ 
3359847.2280 alya_3D_l+    500356K            nid[001000,001+ 
3359847.2281 alya_3D_l+    500420K            nid[001253-001+ 
3359847.2282 alya_3D_l+    516304K            nid[001253-001+ 
3359847.2283 alya_3D_l+    500164K            nid[001122,001+ 
3359847.2284 alya_3D_l+    516140K            nid[001420-001+ 
3359847.2285 alya_3D_l+    500256K            nid[001000,001+ 
3359847.2286 alya_3D_l+    518668K            nid[001000,001+ 
3359847.2287 alya_3D_l+    500240K            nid[001122,001+ 
3359847.2288 alya_3D_l+    500020K            nid[001149,001+ 
3359847.2289 alya_3D_l+    516056K            nid[001122,001+ 
3359847.2290 alya_3D_l+    499936K            nid[001420-001+ 
3359847.2291 alya_3D_l+    500176K            nid[002657,002+ 
3359847.2292 alya_3D_l+    500080K            nid[001000,001+ 
3359847.2293 alya_3D_l+    500284K            nid[001921-001+ 
3359847.2294 alya_3D_l+    500004K            nid[001122,001+ 
3359847.2295 alya_3D_l+    500320K            nid[001149,001+ 
3359847.2296 alya_3D_l+    500228K            nid[001122,001+ 
3359847.2297 alya_3D_l+    500188K            nid[001000,001+ 
3359847.2298 alya_3D_l+    500232K            nid[001000,001+ 
3359847.2299 alya_3D_l+    517260K            nid[001921-001+ 
3359847.2300 alya_3D_l+    500056K            nid[001253-001+ 
3359847.2301 alya_3D_l+    500404K            nid[001431,001+ 
3359847.2302 alya_3D_l+    516080K            nid[001000,001+ 
3359847.2303 alya_3D_l+    500060K            nid[001000,001+ 
3359847.2304 alya_3D_l+    500332K            nid[001122,001+ 
3359847.2305 alya_3D_l+    500792K            nid[001122,001+ 
3359847.2306 alya_3D_l+    500160K            nid[001253-001+ 
3359847.2307 alya_3D_l+    500180K            nid[001253-001+ 
3359847.2308 alya_3D_l+    500288K            nid[001000,001+ 
3359847.2309 alya_3D_l+    500208K            nid[001000,001+ 
3359847.2310 alya_3D_l+    500016K            nid[001122,001+ 
3359847.2311 alya_3D_l+    500228K            nid[001122,001+ 
3359847.2312 alya_3D_l+    500320K            nid[001030-001+ 
3359847.2313 alya_3D_l+    516188K            nid[001000,001+ 
3359847.2314 alya_3D_l+    499976K            nid[001271,001+ 
3359847.2315 alya_3D_l+    516564K            nid[001253-001+ 
3359847.2316 alya_3D_l+    500284K            nid[001921-001+ 
3359847.2317 alya_3D_l+    500036K            nid[001122,001+ 
3359847.2318 alya_3D_l+    500356K            nid[001420-001+ 
3359847.2319 alya_3D_l+    500160K            nid[001000,001+ 
3359847.2320 alya_3D_l+    516628K            nid[001030-001+ 
3359847.2321 alya_3D_l+    502204K            nid[001000,001+ 
3359847.2322 alya_3D_l+    499980K            nid[001122,001+ 
3359847.2323 alya_3D_l+    516440K            nid[001122,001+ 
3359847.2324 alya_3D_l+    501728K            nid[001921-001+ 
3359847.2325 alya_3D_l+    516200K            nid[001420-001+ 
3359847.2326 alya_3D_l+    500276K            nid[001000,001+ 
3359847.2327 alya_3D_l+    500412K            nid[001000,001+ 
3359847.2328 alya_3D_l+    500508K            nid[001122,001+ 
3359847.2329 alya_3D_l+    500328K            nid[001253-001+ 
3359847.2330 alya_3D_l+    500036K            nid[002657,002+ 
3359847.2331 alya_3D_l+    500148K            nid[001420-001+ 
3359847.2332 alya_3D_l+    501692K            nid[001000,001+ 
3359847.2333 alya_3D_l+    501020K            nid[001000,001+ 
3359847.2334 alya_3D_l+    501572K            nid[001122,001+ 
3359847.2335 alya_3D_l+    504568K            nid[001253-001+ 
3359847.2336 alya_3D_l+    500068K            nid[002657,002+ 
3359847.2337 alya_3D_l+    500244K            nid[001420-001+ 
3359847.2338 alya_3D_l+    499752K            nid[001000,001+ 
3359847.2339 alya_3D_l+    500236K            nid[001149,001+ 
3359847.2340 alya_3D_l+    515328K            nid[001122,001+ 
3359847.2341 alya_3D_l+    500052K            nid[001253-001+ 
3359847.2342 alya_3D_l+    500296K            nid[001431,001+ 
3359847.2343 alya_3D_l+    499988K            nid[001420-001+ 
3359847.2344 alya_3D_l+    500364K            nid[001000,001+ 
3359847.2345 alya_3D_l+    500332K            nid[001253-001+ 
3359847.2346 alya_3D_l+    515752K            nid[001253-001+ 
3359847.2347 alya_3D_l+    500300K            nid[001122,001+ 
3359847.2348 alya_3D_l+    504224K            nid[001420-001+ 
3359847.2349 alya_3D_l+    500048K            nid[001921-001+ 
3359847.2350 alya_3D_l+    500220K            nid[001000,001+ 
3359847.2351 alya_3D_l+    500364K            nid[001253-001+ 
3359847.2352 alya_3D_l+    501716K            nid[001253-001+ 
3359847.2353 alya_3D_l+    516272K            nid[001122,001+ 
3359847.2354 alya_3D_l+    516168K            nid[001122,001+ 
3359847.2355 alya_3D_l+    500200K            nid[001921-001+ 
3359847.2356 alya_3D_l+    500120K            nid[001000,001+ 
3359847.2357 alya_3D_l+    500092K            nid[002657,002+ 
3359847.2358 alya_3D_l+    500180K            nid[001253-001+ 
3359847.2359 alya_3D_l+    500336K            nid[001122,001+ 
3359847.2360 alya_3D_l+    500896K            nid[001122,001+ 
3359847.2361 alya_3D_l+    500792K            nid[001921-001+ 
3359847.2362 alya_3D_l+    500316K            nid[001000,001+ 
3359847.2363 alya_3D_l+    500272K            nid[001253-001+ 
3359847.2364 alya_3D_l+    515232K            nid[002657,002+ 
3359847.2365 alya_3D_l+    500312K            nid[001420-001+ 
3359847.2366 alya_3D_l+    499912K            nid[001122,001+ 
3359847.2367 alya_3D_l+    500264K            nid[001921-001+ 
3359847.2368 alya_3D_l+    500140K            nid[001000,001+ 
3359847.2369 alya_3D_l+    500372K            nid[001420-001+ 
3359847.2370 alya_3D_l+    500116K            nid[001253-001+ 
3359847.2371 alya_3D_l+    500204K            nid[001253-001+ 
3359847.2372 alya_3D_l+    500148K            nid[001122,001+ 
3359847.2373 alya_3D_l+    500400K            nid[001921-001+ 
3359847.2374 alya_3D_l+    500020K            nid[001000,001+ 
3359847.2375 alya_3D_l+    500816K            nid[001122,001+ 
3359847.2376 alya_3D_l+    500232K            nid[001253-001+ 
3359847.2377 alya_3D_l+    516484K            nid[001420-001+ 
3359847.2378 alya_3D_l+    500240K            nid[002630-002+ 
3359847.2379 alya_3D_l+    500252K            nid[001921-001+ 
3359847.2380 alya_3D_l+    515776K            nid[001000,001+ 
3359847.2381 alya_3D_l+    500280K            nid[001122,001+ 
3359847.2382 alya_3D_l+    500268K            nid[001253-001+ 
3359847.2383 alya_3D_l+    500236K            nid[001000,001+ 
3359847.2384 alya_3D_l+    500500K            nid[001030-001+ 
3359847.2385 alya_3D_l+    500112K            nid[001000,001+ 
3359847.2386 alya_3D_l+    500172K            nid[001921-001+ 
3359847.2387 alya_3D_l+    499956K            nid[001122,001+ 
3359847.2388 alya_3D_l+    500104K            nid[001253-001+ 
3359847.2389 alya_3D_l+    516340K            nid[001420-001+ 
3359847.2390 alya_3D_l+    516540K            nid[001420-001+ 
3359847.2391 alya_3D_l+    500204K            nid[001000,001+ 
3359847.2392 alya_3D_l+    499664K            nid[001000,001+ 
3359847.2393 alya_3D_l+    500096K            nid[001122,001+ 
3359847.2394 alya_3D_l+    500052K            nid[001253-001+ 
3359847.2395 alya_3D_l+    501216K            nid[001000,001+ 
3359847.2396 alya_3D_l+    500176K            nid[001030-001+ 
3359847.2397 alya_3D_l+    500192K            nid[001000,001+ 
3359847.2398 alya_3D_l+    500812K            nid[001420-001+ 
3359847.2399 alya_3D_l+    500144K            nid[001122,001+ 
3359847.2400 alya_3D_l+    500304K            nid[001253-001+ 
3359847.2401 alya_3D_l+    500640K            nid[001921-001+ 
3359847.2402 alya_3D_l+    501840K            nid[002657,002+ 
3359847.2403 alya_3D_l+    500208K            nid[001000,001+ 
3359847.2404 alya_3D_l+    516352K            nid[001000,001+ 
3359847.2405 alya_3D_l+    500416K            nid[001122,001+ 
3359847.2406 alya_3D_l+    500052K            nid[001122,001+ 
3359847.2407 alya_3D_l+    500124K            nid[001921-001+ 
3359847.2408 alya_3D_l+    500896K            nid[001921-001+ 
3359847.2409 alya_3D_l+    500248K            nid[001253-001+ 
3359847.2410 alya_3D_l+    515896K            nid[001000,001+ 
3359847.2411 alya_3D_l+    500156K            nid[001000,001+ 
3359847.2412 alya_3D_l+    500280K            nid[001122,001+ 
3359847.2413 alya_3D_l+    500316K            nid[001921-001+ 
3359847.2414 alya_3D_l+    499976K            nid[001921-001+ 
3359847.2415 alya_3D_l+    516384K            nid[001000,001+ 
3359847.2416 alya_3D_l+    500076K            nid[001000,001+ 
3359847.2417 alya_3D_l+    515152K            nid[001149,001+ 
3359847.2418 alya_3D_l+    505936K            nid[001122,001+ 
3359847.2419 alya_3D_l+    500568K            nid[001921-001+ 
3359847.2420 alya_3D_l+    500108K            nid[001921-001+ 
3359847.2421 alya_3D_l+    500184K            nid[001000,001+ 
3359847.2422 alya_3D_l+    514492K            nid[001149,001+ 
3359847.2423 alya_3D_l+    500104K            nid[001122,001+ 
3359847.2424 alya_3D_l+    500256K            nid[001253-001+ 
3359847.2425 alya_3D_l+    500368K            nid[001921-001+ 
3359847.2426 alya_3D_l+    516324K            nid[001921-001+ 
3359847.2427 alya_3D_l+    499660K            nid[001000,001+ 
3359847.2428 alya_3D_l+    515248K            nid[001420-001+ 
3359847.2429 alya_3D_l+    500056K            nid[001122,001+ 
3359847.2430 alya_3D_l+    500096K            nid[001253-001+ 
3359847.2431 alya_3D_l+    499980K            nid[001000,001+ 
3359847.2432 alya_3D_l+    499896K            nid[001000,001+ 
3359847.2433 alya_3D_l+    500052K            nid[001420-001+ 
3359847.2434 alya_3D_l+    500048K            nid[001420-001+ 
3359847.2435 alya_3D_l+    515948K            nid[001122,001+ 
3359847.2436 alya_3D_l+    499788K            nid[001253-001+ 
3359847.2437 alya_3D_l+    515760K            nid[001000,001+ 
3359847.2438 alya_3D_l+    516348K            nid[001000,001+ 
3359847.2439 alya_3D_l+    501668K            nid[001420-001+ 
3359847.2440 alya_3D_l+    500044K            nid[001420-001+ 
3359847.2441 alya_3D_l+    500192K            nid[001122,001+ 
3359847.2442 alya_3D_l+    500216K            nid[001253-001+ 
3359847.2443 alya_3D_l+    500128K            nid[001000,001+ 
3359847.2444 alya_3D_l+    501568K            nid[002657,002+ 
3359847.2445 alya_3D_l+    515400K            nid[001122,001+ 
3359847.2446 alya_3D_l+    500088K            nid[001122,001+ 
3359847.2447 alya_3D_l+    516176K            nid[001253-001+ 
3359847.2448 alya_3D_l+    500252K            nid[001253-001+ 
3359847.2449 alya_3D_l+    500484K            nid[001000,001+ 
3359847.2450 alya_3D_l+    516344K            nid[001921-001+ 
3359847.2451 alya_3D_l+    500256K            nid[001921-001+ 
3359847.2452 alya_3D_l+    499992K            nid[001122,001+ 
3359847.2453 alya_3D_l+    500180K            nid[001000,001+ 
3359847.2454 alya_3D_l+    505416K            nid[001000,001+ 
3359847.2455 alya_3D_l+    500236K            nid[001420-001+ 
3359847.2456 alya_3D_l+    502832K            nid[001921-001+ 
3359847.2457 alya_3D_l+    501464K            nid[001921-001+ 
3359847.2458 alya_3D_l+    500200K            nid[001122,001+ 
3359847.2459 alya_3D_l+    500016K            nid[001253-001+ 
3359847.2460 alya_3D_l+    500500K            nid[001000,001+ 
3359847.2461 alya_3D_l+    500112K            nid[001420-001+ 
3359847.2462 alya_3D_l+    516344K            nid[001921-001+ 
3359847.2463 alya_3D_l+    516204K            nid[001122,001+ 
3359847.2464 alya_3D_l+    500068K            nid[001122,001+ 
3359847.2465 alya_3D_l+    501452K            nid[001253-001+ 
3359847.2466 alya_3D_l+    500524K            nid[001000,001+ 
3359847.2467 alya_3D_l+    500276K            nid[001420-001+ 
3359847.2468 alya_3D_l+    501612K            nid[001420-001+ 
3359847.2469 alya_3D_l+    516384K            nid[001000,001+ 
3359847.2470 alya_3D_l+    500216K            nid[001122,001+ 
3359847.2471 alya_3D_l+    500096K            nid[001149,001+ 
3359847.2472 alya_3D_l+    516136K            nid[001122,001+ 
3359847.2473 alya_3D_l+    500172K            nid[001420-001+ 
3359847.2474 alya_3D_l+    500284K            nid[001420-001+ 
3359847.2475 alya_3D_l+    500028K            nid[001000,001+ 
3359847.2476 alya_3D_l+    500416K            nid[002657,002+ 
3359847.2477 alya_3D_l+    500212K            nid[001122,001+ 
3359847.2478 alya_3D_l+    499876K            nid[001253-001+ 
3359847.2479 alya_3D_l+    500292K            nid[001000,001+ 
3359847.2480 alya_3D_l+    499912K            nid[001030-001+ 
3359847.2481 alya_3D_l+    500188K            nid[001000,001+ 
3359847.2482 alya_3D_l+    500296K            nid[002657,002+ 
3359847.2483 alya_3D_l+    500064K            nid[001122,001+ 
3359847.2484 alya_3D_l+    500316K            nid[001000,001+ 
3359847.2485 alya_3D_l+    516432K            nid[001030-001+ 
3359847.2486 alya_3D_l+    500120K            nid[001000,001+ 
3359847.2487 alya_3D_l+    499836K            nid[001253-001+ 
3359847.2488 alya_3D_l+    499972K            nid[001253-001+ 
3359847.2489 alya_3D_l+    499884K            nid[001122,001+ 
3359847.2490 alya_3D_l+    500240K            nid[001000,001+ 
3359847.2491 alya_3D_l+    499932K            nid[001000,001+ 
3359847.2492 alya_3D_l+    500124K            nid[001122,001+ 
3359847.2493 alya_3D_l+    500276K            nid[001420-001+ 
3359847.2494 alya_3D_l+    500104K            nid[001253-001+ 
3359847.2495 alya_3D_l+    500064K            nid[002657,002+ 
3359847.2496 alya_3D_l+    515772K            nid[001000,001+ 
3359847.2497 alya_3D_l+    499948K            nid[001000,001+ 
3359847.2498 alya_3D_l+    500576K            nid[001122,001+ 
3359847.2499 alya_3D_l+    500304K            nid[001420-001+ 
3359847.2500 alya_3D_l+    500088K            nid[001253-001+ 
3359847.2501 alya_3D_l+    500192K            nid[002657,002+ 
3359847.2502 alya_3D_l+    515460K            nid[001149,001+ 
3359847.2503 alya_3D_l+    516196K            nid[001122,001+ 
3359847.2504 alya_3D_l+    500176K            nid[001000,001+ 
3359847.2505 alya_3D_l+    500208K            nid[001030-001+ 
3359847.2506 alya_3D_l+    500432K            nid[001000,001+ 
3359847.2507 alya_3D_l+    499820K            nid[002657,002+ 
3359847.2508 alya_3D_l+    500572K            nid[001122,001+ 
3359847.2509 alya_3D_l+    516296K            nid[001149,001+ 
3359847.2510 alya_3D_l+    518688K            nid[001194,001+ 
3359847.2511 alya_3D_l+    520184K            nid[001218,001+ 
3359847.2512 alya_3D_l+    500264K            nid[001122,001+ 
3359847.2513 alya_3D_l+    500436K            nid[001000,001+ 
3359847.2514 alya_3D_l+    500156K            nid[001000,001+ 
3359847.2515 alya_3D_l+    500164K            nid[001000,001+ 
3359847.2516 alya_3D_l+    500116K            nid[001253-001+ 
3359847.2517 alya_3D_l+    500032K            nid[001271,001+ 
3359847.2518 alya_3D_l+    500132K            nid[001122,001+ 
3359847.2519 alya_3D_l+    516080K            nid[001122,001+ 
3359847.2520 alya_3D_l+    500164K            nid[001921-001+ 
3359847.2521 alya_3D_l+    499760K            nid[001000,001+ 
3359847.2522 alya_3D_l+    505208K            nid[002657,002+ 
3359847.2523 alya_3D_l+    500552K            nid[001420-001+ 
3359847.2524 alya_3D_l+    516448K            nid[001122,001+ 
3359847.2525 alya_3D_l+    500408K            nid[001149,001+ 
3359847.2526 alya_3D_l+    500200K            nid[001122,001+ 
3359847.2527 alya_3D_l+    500452K            nid[001000,001+ 
3359847.2528 alya_3D_l+    515232K            nid[001420-001+ 
3359847.2529 alya_3D_l+    515104K            nid[002657,002+ 
3359847.2530 alya_3D_l+    500240K            nid[001253-001+ 
3359847.2531 alya_3D_l+    500272K            nid[001000,001+ 
3359847.2532 alya_3D_l+    517004K            nid[001000,001+ 
3359847.2533 alya_3D_l+    500184K            nid[001122,001+ 
3359847.2534 alya_3D_l+    514832K            nid[001420-001+ 
3359847.2535 alya_3D_l+    500032K            nid[002657,002+ 
3359847.2536 alya_3D_l+    499948K            nid[001030-001+ 
3359847.2537 alya_3D_l+    500064K            nid[001000,001+ 
3359847.2538 alya_3D_l+    516688K            nid[001122,001+ 
3359847.2539 alya_3D_l+    500012K            nid[001253-001+ 
3359847.2540 alya_3D_l+    499944K            nid[001420-001+ 
3359847.2541 alya_3D_l+    516160K            nid[002657,002+ 
3359847.2542 alya_3D_l+    500452K            nid[001921-001+ 
3359847.2543 alya_3D_l+    500472K            nid[001000,001+ 
3359847.2544 alya_3D_l+    500480K            nid[001122,001+ 
3359847.2545 alya_3D_l+    500060K            nid[001253-001+ 
3359847.2546 alya_3D_l+    516076K            nid[001420-001+ 
3359847.2547 alya_3D_l+    500260K            nid[001921-001+ 
3359847.2548 alya_3D_l+    499980K            nid[002657,002+ 
3359847.2549 alya_3D_l+    500052K            nid[001000,001+ 
3359847.2550 alya_3D_l+    500212K            nid[001122,001+ 
3359847.2551 alya_3D_l+    500156K            nid[001253-001+ 
3359847.2552 alya_3D_l+    500672K            nid[001420-001+ 
3359847.2553 alya_3D_l+    516536K            nid[001000,001+ 
3359847.2554 alya_3D_l+    499900K            nid[001030-001+ 
3359847.2555 alya_3D_l+    499896K            nid[001000,001+ 
3359847.2556 alya_3D_l+    500600K            nid[001122,001+ 
3359847.2557 alya_3D_l+    500600K            nid[001253-001+ 
3359847.2558 alya_3D_l+    500168K            nid[001420-001+ 
3359847.2559 alya_3D_l+    500384K            nid[001000,001+ 
3359847.2560 alya_3D_l+    500188K            nid[001030-001+ 
3359847.2561 alya_3D_l+    500516K            nid[001000,001+ 
3359847.2562 alya_3D_l+    500580K            nid[001122,001+ 
3359847.2563 alya_3D_l+    500376K            nid[001253-001+ 
3359847.2564 alya_3D_l+       488M            nid[001000,001+ 
3359847.2565 alya_3D_l+    516664K            nid[001000,001+ 
3359847.2566 alya_3D_l+    500464K            nid[001921-001+ 
3359847.2567 alya_3D_l+    500088K            nid[002657,002+ 
3359847.2568 alya_3D_l+    515996K            nid[001122,001+ 
3359847.2569 alya_3D_l+    500076K            nid[001253-001+ 
3359847.2570 alya_3D_l+    500172K            nid[001000,001+ 
3359847.2571 alya_3D_l+    500424K            nid[001000,001+ 
3359847.2572 alya_3D_l+    516176K            nid[001921-001+ 
3359847.2573 alya_3D_l+    502360K            nid[001921-001+ 
3359847.2574 alya_3D_l+    500088K            nid[001122,001+ 
3359847.2575 alya_3D_l+    516020K            nid[001253-001+ 
3359847.2576 alya_3D_l+    516352K            nid[001000,001+ 
3359847.2577 alya_3D_l+    500252K            nid[001000,001+ 
3359847.2578 alya_3D_l+    500020K            nid[001122,001+ 
3359847.2579 alya_3D_l+    500392K            nid[001149,001+ 
3359847.2580 alya_3D_l+    500344K            nid[001122,001+ 
3359847.2581 alya_3D_l+    515800K            nid[001030-001+ 
3359847.2582 alya_3D_l+    499928K            nid[001000,001+ 
3359847.2583 alya_3D_l+    500368K            nid[001420-001+ 
3359847.2584 alya_3D_l+    500020K            nid[001122,001+ 
3359847.2585 alya_3D_l+    500132K            nid[001149,001+ 
3359847.2586 alya_3D_l+    500024K            nid[001122,001+ 
3359847.2587 alya_3D_l+    499884K            nid[001000,001+ 
3359847.2588 alya_3D_l+    500056K            nid[001030-001+ 
3359847.2589 alya_3D_l+    500572K            nid[001000,001+ 
3359847.2590 alya_3D_l+    500048K            nid[002657,002+ 
3359847.2591 alya_3D_l+    500372K            nid[001122,001+ 
3359847.2592 alya_3D_l+    500112K            nid[001122,001+ 
3359847.2593 alya_3D_l+    500636K            nid[001420-001+ 
3359847.2594 alya_3D_l+    500080K            nid[001253-001+ 
3359847.2595 alya_3D_l+    500380K            nid[001000,001+ 
3359847.2596 alya_3D_l+    500116K            nid[001000,001+ 
3359847.2597 alya_3D_l+    500064K            nid[001431,001+ 
3359847.2598 alya_3D_l+       489M            nid[001122,001+ 
3359847.2599 alya_3D_l+    516204K            nid[001122,001+ 
3359847.2600 alya_3D_l+    500164K            nid[001253-001+ 
3359847.2601 alya_3D_l+    500532K            nid[001000,001+ 
3359847.2602 alya_3D_l+    500272K            nid[002657,002+ 
3359847.2603 alya_3D_l+    516336K            nid[001921-001+ 
3359847.2604 alya_3D_l+    499840K            nid[001000,001+ 
3359847.2605 alya_3D_l+    516500K            nid[001030-001+ 
3359847.2606 alya_3D_l+    500280K            nid[001000,001+ 
3359847.2607 alya_3D_l+    500524K            nid[001122,001+ 
3359847.2608 alya_3D_l+    500100K            nid[002657,002+ 
3359847.2609 alya_3D_l+    500272K            nid[001921-001+ 
3359847.2610 alya_3D_l+    500240K            nid[001420-001+ 
3359847.2611 alya_3D_l+    500200K            nid[001253-001+ 
3359847.2612 alya_3D_l+    500220K            nid[001253-001+ 
3359847.2613 alya_3D_l+    500656K            nid[001000,001+ 
3359847.2614 alya_3D_l+    500108K            nid[001149,001+ 
3359847.2615 alya_3D_l+    500216K            nid[001122,001+ 
3359847.2616 alya_3D_l+    500236K            nid[001420-001+ 
3359847.2617 alya_3D_l+    500404K            nid[001253-001+ 
3359847.2618 alya_3D_l+    515920K            nid[001000,001+ 
3359847.2619 alya_3D_l+    500640K            nid[001030-001+ 
3359847.2620 alya_3D_l+    500632K            nid[001000,001+ 
3359847.2621 alya_3D_l+    500096K            nid[001122,001+ 
3359847.2622 alya_3D_l+    500040K            nid[001122,001+ 
3359847.2623 alya_3D_l+    499896K            nid[001253-001+ 
3359847.2624 alya_3D_l+    500196K            nid[001253-001+ 
3359847.2625 alya_3D_l+    499992K            nid[001122,001+ 
3359847.2626 alya_3D_l+    500156K            nid[001000,001+ 
3359847.2627 alya_3D_l+    500812K            nid[001030-001+ 
3359847.2628 alya_3D_l+    515408K            nid[001000,001+ 
3359847.2629 alya_3D_l+    502148K            nid[001253-001+ 
3359847.2630 alya_3D_l+    500332K            nid[001253-001+ 
3359847.2631 alya_3D_l+    500176K            nid[001420-001+ 
3359847.2632 alya_3D_l+    500036K            nid[001122,001+ 
3359847.2633 alya_3D_l+    516684K            nid[001000,001+ 
3359847.2634 alya_3D_l+    503468K            nid[001000,001+ 
3359847.2635 alya_3D_l+    516256K            nid[001253-001+ 
3359847.2636 alya_3D_l+    516452K            nid[001253-001+ 
3359847.2637 alya_3D_l+    501280K            nid[001122,001+ 
3359847.2638 alya_3D_l+    516376K            nid[001149,001+ 
3359847.2639 alya_3D_l+    500248K            nid[001000,001+ 
3359847.2640 alya_3D_l+    500232K            nid[001000,001+ 
3359847.2641 alya_3D_l+    515748K            nid[002657,002+ 
3359847.2642 alya_3D_l+    516128K            nid[001253-001+ 
3359847.2643 alya_3D_l+    516032K            nid[001030-001+ 
3359847.2644 alya_3D_l+    500604K            nid[001000,001+ 
3359847.2645 alya_3D_l+    500188K            nid[001149,001+ 
3359847.2646 alya_3D_l+    501584K            nid[001122,001+ 
3359847.2647 alya_3D_l+    500200K            nid[002657,002+ 
3359847.2648 alya_3D_l+    515296K            nid[001253-001+ 
3359847.2649 alya_3D_l+    500164K            nid[001000,001+ 
3359847.2650 alya_3D_l+    499896K            nid[001030-001+ 
3359847.2651 alya_3D_l+    501344K            nid[001000,001+ 
3359847.2652 alya_3D_l+    502144K            nid[001122,001+ 
3359847.2653 alya_3D_l+    514868K            nid[001253-001+ 
3359847.2654 alya_3D_l+    500252K            nid[001253-001+ 
3359847.2655 alya_3D_l+    500296K            nid[001000,001+ 
3359847.2656 alya_3D_l+    500100K            nid[001030-001+ 
3359847.2657 alya_3D_l+    501300K            nid[001000,001+ 
3359847.2658 alya_3D_l+    500276K            nid[001921-001+ 
3359847.2659 alya_3D_l+    515120K            nid[001253-001+ 
3359847.2660 alya_3D_l+    500348K            nid[001253-001+ 
3359847.2661 alya_3D_l+    500132K            nid[001000,001+ 
3359847.2662 alya_3D_l+    500148K            nid[001030-001+ 
3359847.2663 alya_3D_l+    516560K            nid[001000,001+ 
3359847.2664 alya_3D_l+    515780K            nid[001420-001+ 
3359847.2665 alya_3D_l+    500052K            nid[001253-001+ 
3359847.2666 alya_3D_l+    517308K            nid[001921-001+ 
3359847.2667 alya_3D_l+    515624K            nid[001122,001+ 
3359847.2668 alya_3D_l+    516264K            nid[001122,001+ 
3359847.2669 alya_3D_l+    500340K            nid[001000,001+ 
3359847.2670 alya_3D_l+    500528K            nid[001030-001+ 
3359847.2671 alya_3D_l+    500084K            nid[001000,001+ 
3359847.2672 alya_3D_l+    514992K            nid[001253-001+ 
3359847.2673 alya_3D_l+    517108K            nid[001253-001+ 
3359847.2674 alya_3D_l+    500544K            nid[001921-001+ 
3359847.2675 alya_3D_l+    516372K            nid[001000,001+ 
3359847.2676 alya_3D_l+    499968K            nid[001030-001+ 
3359847.2677 alya_3D_l+    500076K            nid[001000,001+ 
3359847.2678 alya_3D_l+    500144K            nid[001253-001+ 
3359847.2679 alya_3D_l+    500312K            nid[001431,001+ 
3359847.2680 alya_3D_l+    499872K            nid[001493-001+ 
3359847.2681 alya_3D_l+    500612K            nid[001420-001+ 
3359847.2682 alya_3D_l+    500504K            nid[001000,001+ 
3359847.2683 alya_3D_l+    499996K            nid[001000,001+ 
3359847.2684 alya_3D_l+    500012K            nid[001253-001+ 
3359847.2685 alya_3D_l+    502204K            nid[002630-002+ 
3359847.2686 alya_3D_l+    500324K            nid[001420-001+ 
3359847.2687 alya_3D_l+    502164K            nid[001122,001+ 
3359847.2688 alya_3D_l+    500468K            nid[001122,001+ 
3359847.2689 alya_3D_l+    500244K            nid[001000,001+ 
3359847.2690 alya_3D_l+    500328K            nid[001253-001+ 
3359847.2691 alya_3D_l+    500228K            nid[001253-001+ 
3359847.2692 alya_3D_l+       490M            nid[001000,001+ 
3359847.2693 alya_3D_l+    500496K            nid[001149,001+ 
3359847.2694 alya_3D_l+    500332K            nid[001122,001+ 
3359847.2695 alya_3D_l+    500312K            nid[001420-001+ 
3359847.2696 alya_3D_l+    500256K            nid[001253-001+ 
3359847.2697 alya_3D_l+    500336K            nid[001253-001+ 
3359847.2698 alya_3D_l+    500436K            nid[001000,001+ 
3359847.2699 alya_3D_l+    499860K            nid[001122,001+ 
3359847.2700 alya_3D_l+    500244K            nid[001149,001+ 
3359847.2701 alya_3D_l+    516180K            nid[001122,001+ 
3359847.2702 alya_3D_l+    500172K            nid[001000,001+ 
3359847.2703 alya_3D_l+    516116K            nid[001000,001+ 
3359847.2704 alya_3D_l+    500388K            nid[002657,002+ 
3359847.2705 alya_3D_l+    500228K            nid[001122,001+ 
3359847.2706 alya_3D_l+    515940K            nid[001122,001+ 
3359847.2707 alya_3D_l+    500020K            nid[001000,001+ 
3359847.2708 alya_3D_l+    516244K            nid[001030-001+ 
3359847.2709 alya_3D_l+    500028K            nid[001000,001+ 
3359847.2710 alya_3D_l+    500276K            nid[002657,002+ 
3359847.2711 alya_3D_l+    500080K            nid[001122,001+ 
3359847.2712 alya_3D_l+    516092K            nid[001000,001+ 
3359847.2713 alya_3D_l+    500204K            nid[001030-001+ 
3359847.2714 alya_3D_l+    500116K            nid[001064,001+ 
3359847.2715 alya_3D_l+    500064K            nid[001000,001+ 
3359847.2716 alya_3D_l+    500364K            nid[002657,002+ 
3359847.2717 alya_3D_l+    500400K            nid[001253-001+ 
3359847.2718 alya_3D_l+    502244K            nid[001122,001+ 
3359847.2719 alya_3D_l+    499940K            nid[001000,001+ 
3359847.2720 alya_3D_l+    501300K            nid[001030-001+ 
3359847.2721 alya_3D_l+    500208K            nid[001000,001+ 
3359847.2722 alya_3D_l+    500452K            nid[002657,002+ 
3359847.2723 alya_3D_l+    500048K            nid[001253-001+ 
3359847.2724 alya_3D_l+    500144K            nid[001000,001+ 
3359847.2725 alya_3D_l+    500564K            nid[001064,001+ 
3359847.2726 alya_3D_l+    500048K            nid[001000,001+ 
3359847.2727 alya_3D_l+    500228K            nid[001122,001+ 
3359847.2728 alya_3D_l+    500144K            nid[002657,002+ 
3359847.2729 alya_3D_l+    500576K            nid[001420-001+ 
3359847.2730 alya_3D_l+    500628K            nid[001921-001+ 
3359847.2731 alya_3D_l+    516348K            nid[001000,001+ 
3359847.2732 alya_3D_l+    500304K            nid[001030-001+ 
3359847.2733 alya_3D_l+    515832K            nid[001000,001+ 
3359847.2734 alya_3D_l+    516088K            nid[001122,001+ 
3359847.2735 alya_3D_l+    500524K            nid[001420-001+ 
3359847.2736 alya_3D_l+    500568K            nid[001253-001+ 
3359847.2737 alya_3D_l+    515896K            nid[001253-001+ 
3359847.2738 alya_3D_l+    500052K            nid[002657,002+ 
3359847.2739 alya_3D_l+    515712K            nid[001000,001+ 
3359847.2740 alya_3D_l+    516124K            nid[001149,001+ 
3359847.2741 alya_3D_l+    500188K            nid[001122,001+ 
3359847.2742 alya_3D_l+    500532K            nid[001921-001+ 
3359847.2743 alya_3D_l+    499968K            nid[002657,002+ 
3359847.2744 alya_3D_l+    500196K            nid[001253-001+ 
3359847.2745 alya_3D_l+    500440K            nid[001000,001+ 
3359847.2746 alya_3D_l+    500112K            nid[001000,001+ 
3359847.2747 alya_3D_l+    500464K            nid[001122,001+ 
3359847.2748 alya_3D_l+    516644K            nid[001921-001+ 
3359847.2749 alya_3D_l+    506632K            nid[002657,002+ 
3359847.2750 alya_3D_l+    500468K            nid[001149,001+ 
3359847.2751 alya_3D_l+    514768K            nid[001194,001+ 
3359847.2752 alya_3D_l+    499832K            nid[001000,001+ 
3359847.2753 alya_3D_l+    500060K            nid[001000,001+ 
3359847.2754 alya_3D_l+    499948K            nid[001921-001+ 
3359847.2755 alya_3D_l+    499948K            nid[002657,002+ 
3359847.2756 alya_3D_l+    500160K            nid[001253-001+ 
3359847.2757 alya_3D_l+    500188K            nid[001122,001+ 
3359847.2758 alya_3D_l+    500196K            nid[001000,001+ 
3359847.2759 alya_3D_l+    516116K            nid[001000,001+ 
3359847.2760 alya_3D_l+    515168K            nid[001921-001+ 
3359847.2761 alya_3D_l+    516228K            nid[002657,002+ 
3359847.2762 alya_3D_l+    500400K            nid[001122,001+ 
3359847.2763 alya_3D_l+    516716K            nid[001122,001+ 
3359847.2764 alya_3D_l+    500320K            nid[001420-001+ 
3359847.2765 alya_3D_l+    501848K            nid[001000,001+ 
3359847.2766 alya_3D_l+    500160K            nid[001030-001+ 
3359847.2767 alya_3D_l+    500048K            nid[001000,001+ 
3359847.2768 alya_3D_l+    517688K            nid[001122,001+ 
3359847.2769 alya_3D_l+    516364K            nid[001149,001+ 
3359847.2770 alya_3D_l+    499952K            nid[001122,001+ 
3359847.2771 alya_3D_l+    500648K            nid[001921-001+ 
3359847.2772 alya_3D_l+    500260K            nid[001000,001+ 
3359847.2773 alya_3D_l+    500324K            nid[001000,001+ 
3359847.2774 alya_3D_l+    500360K            nid[001253-001+ 
3359847.2775 alya_3D_l+    515264K            nid[001122,001+ 
3359847.2776 alya_3D_l+    516344K            nid[001149,001+ 
3359847.2777 alya_3D_l+    500164K            nid[001194,001+ 
3359847.2778 alya_3D_l+    500232K            nid[001122,001+ 
3359847.2779 alya_3D_l+    500928K            nid[001000,001+ 
3359847.2780 alya_3D_l+    502260K            nid[001253-001+ 
3359847.2781 alya_3D_l+    500336K            nid[001000,001+ 
3359847.2782 alya_3D_l+    500036K            nid[001030-001+ 
3359847.2783 alya_3D_l+    499876K            nid[001064,001+ 
3359847.2784 alya_3D_l+    515380K            nid[001000,001+ 
3359847.2785 alya_3D_l+    500100K            nid[001122,001+ 
3359847.2786 alya_3D_l+    500252K            nid[001253-001+ 
3359847.2787 alya_3D_l+    500024K            nid[001420-001+ 
3359847.2788 alya_3D_l+    500548K            nid[001149,001+ 
3359847.2789 alya_3D_l+    499832K            nid[001194,001+ 
3359847.2790 alya_3D_l+    500016K            nid[001000,001+ 
3359847.2791 alya_3D_l+    500284K            nid[001030-001+ 
3359847.2792 alya_3D_l+    499840K            nid[001000,001+ 
3359847.2793 alya_3D_l+    516904K            nid[002657,002+ 
3359847.2794 alya_3D_l+    502592K            nid[001122,001+ 
3359847.2795 alya_3D_l+    500076K            nid[001149,001+ 
3359847.2796 alya_3D_l+    500104K            nid[001122,001+ 
3359847.2797 alya_3D_l+    516088K            nid[001000,001+ 
3359847.2798 alya_3D_l+    500472K            nid[001000,001+ 
3359847.2799 alya_3D_l+    499944K            nid[002657,002+ 
3359847.2800 alya_3D_l+    500292K            nid[001420-001+ 
3359847.2801 alya_3D_l+    499976K            nid[001122,001+ 
3359847.2802 alya_3D_l+    515128K            nid[001122,001+ 
3359847.2803 alya_3D_l+    500440K            nid[001000,001+ 
3359847.2804 alya_3D_l+    500336K            nid[001030-001+ 
3359847.2805 alya_3D_l+    500252K            nid[001000,001+ 
3359847.2806 alya_3D_l+    500140K            nid[001921-001+ 
3359847.2807 alya_3D_l+    516604K            nid[001122,001+ 
3359847.2808 alya_3D_l+    500060K            nid[001122,001+ 
3359847.2809 alya_3D_l+    499908K            nid[001000,001+ 
3359847.2810 alya_3D_l+    501592K            nid[001030-001+ 
3359847.2811 alya_3D_l+    500264K            nid[001000,001+ 
3359847.2812 alya_3D_l+    516328K            nid[001921-001+ 
3359847.2813 alya_3D_l+    500012K            nid[001420-001+ 
3359847.2814 alya_3D_l+    500148K            nid[001000,001+ 
3359847.2815 alya_3D_l+    500112K            nid[001030-001+ 
3359847.2816 alya_3D_l+    516352K            nid[001064,001+ 
3359847.2817 alya_3D_l+    500244K            nid[001106,001+ 
3359847.2818 alya_3D_l+    515912K            nid[001000,001+ 
3359847.2819 alya_3D_l+    500044K            nid[001420-001+ 
3359847.2820 alya_3D_l+    516092K            nid[001122,001+ 
3359847.2821 alya_3D_l+    500112K            nid[001122,001+ 
3359847.2822 alya_3D_l+    500344K            nid[001271,001+ 
3359847.2823 alya_3D_l+    501168K            nid[001000,001+ 
3359847.2824 alya_3D_l+    501408K            nid[001030-001+ 
3359847.2825 alya_3D_l+    515872K            nid[001000,001+ 
3359847.2826 alya_3D_l+    500260K            nid[001921-001+ 
3359847.2827 alya_3D_l+    500092K            nid[001122,001+ 
3359847.2828 alya_3D_l+    499936K            nid[001000,001+ 
3359847.2829 alya_3D_l+    500372K            nid[001030-001+ 
3359847.2830 alya_3D_l+    500020K            nid[001000,001+ 
3359847.2831 alya_3D_l+    500400K            nid[001420-001+ 
3359847.2832 alya_3D_l+    500148K            nid[001253-001+ 
3359847.2833 alya_3D_l+    499956K            nid[001271,001+ 
3359847.2834 alya_3D_l+    516072K            nid[001253-001+ 
3359847.2835 alya_3D_l+    500392K            nid[001000,001+ 
3359847.2836 alya_3D_l+    500228K            nid[001000,001+ 
3359847.2837 alya_3D_l+    516156K            nid[001420-001+ 
3359847.2838 alya_3D_l+    499976K            nid[001122,001+ 
3359847.2839 alya_3D_l+    516268K            nid[001149,001+ 
3359847.2840 alya_3D_l+    500344K            nid[001194,001+ 
3359847.2841 alya_3D_l+    500248K            nid[001000,001+ 
3359847.2842 alya_3D_l+    500672K            nid[001030-001+ 
3359847.2843 alya_3D_l+    515824K            nid[001000,001+ 
3359847.2844 alya_3D_l+    500112K            nid[001122,001+ 
3359847.2845 alya_3D_l+    499944K            nid[001149,001+ 
3359847.2846 alya_3D_l+    515764K            nid[001122,001+ 
3359847.2847 alya_3D_l+    500304K            nid[001000,001+ 
3359847.2848 alya_3D_l+    515500K            nid[001030-001+ 
3359847.2849 alya_3D_l+    500124K            nid[001000,001+ 
3359847.2850 alya_3D_l+    500264K            nid[001253-001+ 
3359847.2851 alya_3D_l+    502236K            nid[001122,001+ 
3359847.2852 alya_3D_l+    516856K            nid[001149,001+ 
3359847.2853 alya_3D_l+    500272K            nid[001122,001+ 
3359847.2854 alya_3D_l+    514720K            nid[001000,001+ 
3359847.2855 alya_3D_l+    516624K            nid[001000,001+ 
3359847.2856 alya_3D_l+    500220K            nid[001253-001+ 
3359847.2857 alya_3D_l+    500368K            nid[001921-001+ 
3359847.2858 alya_3D_l+    500228K            nid[001000,001+ 
3359847.2859 alya_3D_l+    500468K            nid[001000,001+ 
3359847.2860 alya_3D_l+    500384K            nid[001149,001+ 
3359847.2861 alya_3D_l+    500592K            nid[001122,001+ 
3359847.2862 alya_3D_l+    500316K            nid[001253-001+ 
3359847.2863 alya_3D_l+    515416K            nid[001030-001+ 
3359847.2864 alya_3D_l+    499872K            nid[001000,001+ 
3359847.2865 alya_3D_l+    500292K            nid[001149,001+ 
3359847.2866 alya_3D_l+    500216K            nid[001122,001+ 
3359847.2867 alya_3D_l+    499876K            nid[001253-001+ 
3359847.2868 alya_3D_l+    516132K            nid[001000,001+ 
3359847.2869 alya_3D_l+    500296K            nid[001030-001+ 
3359847.2870 alya_3D_l+    499896K            nid[001064,001+ 
3359847.2871 alya_3D_l+    500104K            nid[001106,001+ 
3359847.2872 alya_3D_l+    500348K            nid[001000,001+ 
3359847.2873 alya_3D_l+    500032K            nid[001030-001+ 
3359847.2874 alya_3D_l+    500228K            nid[001064,001+ 
3359847.2875 alya_3D_l+    515152K            nid[001106,001+ 
3359847.2876 alya_3D_l+    500272K            nid[001000,001+ 
3359847.2877 alya_3D_l+    515580K            nid[001000,001+ 
3359847.2878 alya_3D_l+    500428K            nid[001000,001+ 
3359847.2879 alya_3D_l+    500024K            nid[001000,001+ 
3359847.2880 alya_3D_l+    500356K            nid[001000,001+ 
3359847.2881 alya_3D_l+    514876K            nid[001030-001+ 
3359847.2882 alya_3D_l+    500152K            nid[001064,001+ 
3359847.2883 alya_3D_l+    500192K            nid[001000,001+ 
3359847.2884 alya_3D_l+    500192K            nid[001122,001+ 
3359847.2885 alya_3D_l+    503956K            nid[002657,002+ 
3359847.2886 alya_3D_l+    499964K            nid[001921-001+ 
3359847.2887 alya_3D_l+    500244K            nid[001149,001+ 
3359847.2888 alya_3D_l+    500160K            nid[001000,001+ 
3359847.2889 alya_3D_l+    500020K            nid[001030-001+ 
3359847.2890 alya_3D_l+    500148K            nid[001064,001+ 
3359847.2891 alya_3D_l+    500296K            nid[001000,001+ 
3359847.2892 alya_3D_l+    499964K            nid[002657,002+ 
3359847.2893 alya_3D_l+    500352K            nid[001122,001+ 
3359847.2894 alya_3D_l+    499856K            nid[001149,001+ 
3359847.2895 alya_3D_l+    500404K            nid[001000,001+ 
3359847.2896 alya_3D_l+    500252K            nid[001030-001+ 
3359847.2897 alya_3D_l+    500092K            nid[001000,001+ 
3359847.2898 alya_3D_l+    500528K            nid[002657,002+ 
3359847.2899 alya_3D_l+    500156K            nid[001253-001+ 
3359847.2900 alya_3D_l+    499960K            nid[002630-002+ 
3359847.2901 alya_3D_l+    500236K            nid[001921-001+ 
3359847.2902 alya_3D_l+    500100K            nid[001000,001+ 
3359847.2903 alya_3D_l+    514956K            nid[001030-001+ 
3359847.2904 alya_3D_l+    500092K            nid[001000,001+ 
3359847.2905 alya_3D_l+    500516K            nid[001253-001+ 
3359847.2906 alya_3D_l+    519444K            nid[001253-001+ 
3359847.2907 alya_3D_l+    516456K            nid[001000,001+ 
3359847.2908 alya_3D_l+    516216K            nid[001064,001+ 
3359847.2909 alya_3D_l+    516512K            nid[001000,001+ 
3359847.2910 alya_3D_l+    500460K            nid[001420-001+ 
3359847.2911 alya_3D_l+    516012K            nid[002657,002+ 
3359847.2912 alya_3D_l+    499840K            nid[001122,001+ 
3359847.2913 alya_3D_l+    500184K            nid[001122,001+ 
3359847.2914 alya_3D_l+       490M            nid[001000,001+ 
3359847.2915 alya_3D_l+    515884K            nid[001030-001+ 
3359847.2916 alya_3D_l+    499928K            nid[001000,001+ 
3359847.2917 alya_3D_l+    500568K            nid[002657,002+ 
3359847.2918 alya_3D_l+    515896K            nid[001122,001+ 
3359847.2919 alya_3D_l+    501220K            nid[001253-001+ 
3359847.2920 alya_3D_l+    502240K            nid[001420-001+ 
3359847.2921 alya_3D_l+    500584K            nid[001420-001+ 
3359847.2922 alya_3D_l+    515432K            nid[001000,001+ 
3359847.2923 alya_3D_l+    515756K            nid[001000,001+ 
3359847.2924 alya_3D_l+    500228K            nid[001122,001+ 
3359847.2925 alya_3D_l+    500176K            nid[001253-001+ 
3359847.2926 alya_3D_l+    500260K            nid[001000,001+ 
3359847.2927 alya_3D_l+    500516K            nid[001030-001+ 
3359847.2928 alya_3D_l+    500020K            nid[001064,001+ 
3359847.2929 alya_3D_l+    500228K            nid[001000,001+ 
3359847.2930 alya_3D_l+    500528K            nid[001122,001+ 
3359847.2931 alya_3D_l+    500024K            nid[001064,001+ 
3359847.2932 alya_3D_l+    505284K            nid[001000,001+ 
3359847.2933 alya_3D_l+    502392K            nid[001000,001+ 
3359847.2934 alya_3D_l+    514408K            nid[001122,001+ 
3359847.2935 alya_3D_l+    500024K            nid[001122,001+ 
3359847.2936 alya_3D_l+    516060K            nid[001921-001+ 
3359847.2937 alya_3D_l+    500148K            nid[001030-001+ 
3359847.2938 alya_3D_l+    500080K            nid[001000,001+ 
3359847.2939 alya_3D_l+    516444K            nid[002657,002+ 
3359847.2940 alya_3D_l+    517292K            nid[001420-001+ 
3359847.2941 alya_3D_l+    500136K            nid[001122,001+ 
3359847.2942 alya_3D_l+    500368K            nid[001122,001+ 
3359847.2943 alya_3D_l+    500008K            nid[001000,001+ 
3359847.2944 alya_3D_l+    500272K            nid[001253-001+ 
3359847.2945 alya_3D_l+    500208K            nid[001431,001+ 
3359847.2946 alya_3D_l+    500208K            nid[001420-001+ 
3359847.2947 alya_3D_l+    499740K            nid[001921-001+ 
3359847.2948 alya_3D_l+    500232K            nid[001122,001+ 
3359847.2949 alya_3D_l+    516460K            nid[001000,001+ 
3359847.2950 alya_3D_l+    500088K            nid[001921-001+ 
3359847.2951 alya_3D_l+    500268K            nid[001253-001+ 
3359847.2952 alya_3D_l+    500504K            nid[001122,001+ 
3359847.2953 alya_3D_l+    502552K            nid[001149,001+ 
3359847.2954 alya_3D_l+    500012K            nid[001122,001+ 
3359847.2955 alya_3D_l+    500116K            nid[001000,001+ 
3359847.2956 alya_3D_l+    500156K            nid[002657,002+ 
3359847.2957 alya_3D_l+    516216K            nid[001000,001+ 
3359847.2958 alya_3D_l+    500144K            nid[001030-001+ 
3359847.2959 alya_3D_l+    499848K            nid[001064,001+ 
3359847.2960 alya_3D_l+    500072K            nid[001000,001+ 
3359847.2961 alya_3D_l+    500292K            nid[001122,001+ 
3359847.2962 alya_3D_l+    500540K            nid[002657,002+ 
3359847.2963 alya_3D_l+    515916K            nid[001253-001+ 
3359847.2964 alya_3D_l+    500300K            nid[001149,001+ 
3359847.2965 alya_3D_l+    500008K            nid[001194,001+ 
3359847.2966 alya_3D_l+    515472K            nid[001122,001+ 
3359847.2967 alya_3D_l+    500380K            nid[001000,001+ 
3359847.2968 alya_3D_l+    500532K            nid[002657,002+ 
3359847.2969 alya_3D_l+    500304K            nid[001253-001+ 
3359847.2970 alya_3D_l+    516536K            nid[001000,001+ 
3359847.2971 alya_3D_l+    516408K            nid[001030-001+ 
3359847.2972 alya_3D_l+    500620K            nid[001000,001+ 
3359847.2973 alya_3D_l+    516140K            nid[001420-001+ 
3359847.2974 alya_3D_l+    500192K            nid[001253-001+ 
3359847.2975 alya_3D_l+    500256K            nid[001253-001+ 
3359847.2976 alya_3D_l+    500440K            nid[001122,001+ 
3359847.2977 alya_3D_l+    501560K            nid[001921-001+ 
3359847.2978 alya_3D_l+    515904K            nid[001000,001+ 
3359847.2979 alya_3D_l+    500392K            nid[001253-001+ 
3359847.2980 alya_3D_l+    500264K            nid[001420-001+ 
3359847.2981 alya_3D_l+    515328K            nid[002657,002+ 
3359847.2982 alya_3D_l+    500288K            nid[001122,001+ 
3359847.2983 alya_3D_l+    500364K            nid[001000,001+ 
3359847.2984 alya_3D_l+    500416K            nid[001253-001+ 
3359847.2985 alya_3D_l+    500032K            nid[001253-001+ 
3359847.2986 alya_3D_l+    500260K            nid[001420-001+ 
3359847.2987 alya_3D_l+    500288K            nid[001420-001+ 
3359847.2988 alya_3D_l+    515596K            nid[001122,001+ 
3359847.2989 alya_3D_l+    499960K            nid[001000,001+ 
3359847.2990 alya_3D_l+    499836K            nid[001000,001+ 
3359847.2991 alya_3D_l+    500088K            nid[001921-001+ 
3359847.2992 alya_3D_l+    500344K            nid[001122,001+ 
3359847.2993 alya_3D_l+    500220K            nid[001420-001+ 
3359847.2994 alya_3D_l+    515452K            nid[002657,002+ 
3359847.2995 alya_3D_l+    500040K            nid[001000,001+ 
3359847.2996 alya_3D_l+    500568K            nid[001030-001+ 
3359847.2997 alya_3D_l+    500532K            nid[001000,001+ 
3359847.2998 alya_3D_l+    500364K            nid[001122,001+ 
3359847.2999 alya_3D_l+    500244K            nid[001149,001+ 
3359847.3000 alya_3D_l+    516164K            nid[001122,001+ 
3359847.3001 alya_3D_l+    500124K            nid[001000,001+ 
3359847.3002 alya_3D_l+    500144K            nid[001000,001+ 
3359847.3003 alya_3D_l+    516056K            nid[001921-001+ 
3359847.3004 alya_3D_l+    500324K            nid[002657,002+ 
3359847.3005 alya_3D_l+    517320K            nid[001122,001+ 
3359847.3006 alya_3D_l+    515400K            nid[001122,001+ 
3359847.3007 alya_3D_l+    517916K            nid[001000,001+ 
3359847.3008 alya_3D_l+    502192K            nid[001000,001+ 
3359847.3009 alya_3D_l+    499988K            nid[002657,002+ 
3359847.3010 alya_3D_l+    500500K            nid[001122,001+ 
3359847.3011 alya_3D_l+    500268K            nid[001149,001+ 
3359847.3012 alya_3D_l+    500344K            nid[001122,001+ 
3359847.3013 alya_3D_l+    515900K            nid[001000,001+ 
3359847.3014 alya_3D_l+    500104K            nid[001253-001+ 
3359847.3015 alya_3D_l+    500092K            nid[002657,002+ 
3359847.3016 alya_3D_l+    500272K            nid[001921-001+ 
3359847.3017 alya_3D_l+    500140K            nid[001122,001+ 
3359847.3018 alya_3D_l+    499860K            nid[001000,001+ 
3359847.3019 alya_3D_l+    500092K            nid[001000,001+ 
3359847.3020 alya_3D_l+    500232K            nid[001253-001+ 
3359847.3021 alya_3D_l+    500132K            nid[002657,002+ 
3359847.3022 alya_3D_l+    500312K            nid[001921-001+ 
3359847.3023 alya_3D_l+    499752K            nid[001271,001+ 
3359847.3024 alya_3D_l+    500392K            nid[001122,001+ 
3359847.3025 alya_3D_l+    500456K            nid[001000,001+ 
3359847.3026 alya_3D_l+    500216K            nid[001030-001+ 
3359847.3027 alya_3D_l+    500368K            nid[001000,001+ 
3359847.3028 alya_3D_l+    516264K            nid[001921-001+ 
3359847.3029 alya_3D_l+    500384K            nid[001420-001+ 
3359847.3030 alya_3D_l+    515004K            nid[001253-001+ 
3359847.3031 alya_3D_l+    500292K            nid[001122,001+ 
3359847.3032 alya_3D_l+    518324K            nid[001122,001+ 
3359847.3033 alya_3D_l+    499948K            nid[001000,001+ 
3359847.3034 alya_3D_l+    500512K            nid[001921-001+ 
3359847.3035 alya_3D_l+    516224K            nid[001420-001+ 
3359847.3036 alya_3D_l+    500072K            nid[001122,001+ 
3359847.3037 alya_3D_l+    500176K            nid[001149,001+ 
3359847.3038 alya_3D_l+    500028K            nid[001000,001+ 
3359847.3039 alya_3D_l+    500588K            nid[001000,001+ 
3359847.3040 alya_3D_l+    500268K            nid[001921-001+ 
3359847.3041 alya_3D_l+    500144K            nid[001420-001+ 
3359847.3042 alya_3D_l+    515940K            nid[001030-001+ 
3359847.3043 alya_3D_l+    499952K            nid[001000,001+ 
3359847.3044 alya_3D_l+    499976K            nid[001064,001+ 
3359847.3045 alya_3D_l+    516228K            nid[001000,001+ 
3359847.3046 alya_3D_l+    500560K            nid[001122,001+ 
3359847.3047 alya_3D_l+    500512K            nid[001420-001+ 
3359847.3048 alya_3D_l+    500156K            nid[001253-001+ 
3359847.3049 alya_3D_l+    500404K            nid[001431,001+ 
3359847.3050 alya_3D_l+    500460K            nid[001000,001+ 
3359847.3051 alya_3D_l+    501000K            nid[001030-001+ 
3359847.3052 alya_3D_l+    500356K            nid[001000,001+ 
3359847.3053 alya_3D_l+    516156K            nid[001921-001+ 
3359847.3054 alya_3D_l+    499948K            nid[001253-001+ 
3359847.3055 alya_3D_l+    500096K            nid[002657,002+ 
3359847.3056 alya_3D_l+    500624K            nid[001030-001+ 
3359847.3057 alya_3D_l+    500060K            nid[001064,001+ 
3359847.3058 alya_3D_l+    500184K            nid[001000,001+ 
3359847.3059 alya_3D_l+    500044K            nid[001420-001+ 
3359847.3060 alya_3D_l+    502076K            nid[001420-001+ 
3359847.3061 alya_3D_l+    500168K            nid[002657,002+ 
3359847.3062 alya_3D_l+    516080K            nid[001122,001+ 
3359847.3063 alya_3D_l+    502148K            nid[001253-001+ 
3359847.3064 alya_3D_l+    499988K            nid[001000,001+ 
3359847.3065 alya_3D_l+       504M            nid[001431,001+ 
3359847.3066 alya_3D_l+    500048K            nid[001493-001+ 
3359847.3067 alya_3D_l+    516408K            nid[001420-001+ 
3359847.3068 alya_3D_l+    500424K            nid[001122,001+ 
3359847.3069 alya_3D_l+    499912K            nid[001000,001+ 
3359847.3070 alya_3D_l+    500072K            nid[001000,001+ 
3359847.3071 alya_3D_l+    500152K            nid[001921-001+ 
3359847.3072 alya_3D_l+    500016K            nid[001122,001+ 
3359847.3073 alya_3D_l+    500316K            nid[001149,001+ 
3359847.3074 alya_3D_l+    500220K            nid[001122,001+ 
3359847.3075 alya_3D_l+    500492K            nid[001000,001+ 
3359847.3076 alya_3D_l+    500068K            nid[001253-001+ 
3359847.3077 alya_3D_l+    500296K            nid[001921-001+ 
3359847.3078 alya_3D_l+    500264K            nid[001122,001+ 
3359847.3079 alya_3D_l+    514568K            nid[001149,001+ 
3359847.3080 alya_3D_l+    500624K            nid[001122,001+ 
3359847.3081 alya_3D_l+    516152K            nid[001000,001+ 
3359847.3082 alya_3D_l+    500376K            nid[001122,001+ 
3359847.3083 alya_3D_l+    499964K            nid[001000,001+ 
3359847.3084 alya_3D_l+    500092K            nid[001030-001+ 
3359847.3085 alya_3D_l+    515736K            nid[001064,001+ 
3359847.3086 alya_3D_l+    500044K            nid[001000,001+ 
3359847.3087 alya_3D_l+    502044K            nid[002657,002+ 
3359847.3088 alya_3D_l+    516352K            nid[001122,001+ 
3359847.3089 alya_3D_l+    500456K            nid[001122,001+ 
3359847.3090 alya_3D_l+    500020K            nid[001253-001+ 
3359847.3091 alya_3D_l+    500296K            nid[001000,001+ 
3359847.3092 alya_3D_l+    500356K            nid[001000,001+ 
3359847.3093 alya_3D_l+    516532K            nid[002657,002+ 
3359847.3094 alya_3D_l+    499928K            nid[001122,001+ 
3359847.3095 alya_3D_l+    500144K            nid[001253-001+ 
3359847.3096 alya_3D_l+    500196K            nid[001420-001+ 
3359847.3097 alya_3D_l+    516368K            nid[001420-001+ 
3359847.3098 alya_3D_l+    500324K            nid[001000,001+ 
3359847.3099 alya_3D_l+    500456K            nid[002657,002+ 
3359847.3100 alya_3D_l+    515404K            nid[001122,001+ 
3359847.3101 alya_3D_l+    500244K            nid[001000,001+ 
3359847.3102 alya_3D_l+    500944K            nid[001253-001+ 
3359847.3103 alya_3D_l+    500384K            nid[001420-001+ 
3359847.3104 alya_3D_l+    500952K            nid[001921-001+ 
3359847.3105 alya_3D_l+    516572K            nid[001122,001+ 
3359847.3106 alya_3D_l+    500116K            nid[001122,001+ 
3359847.3107 alya_3D_l+    516068K            nid[001000,001+ 
3359847.3108 alya_3D_l+    516360K            nid[001253-001+ 
3359847.3109 alya_3D_l+    500080K            nid[001420-001+ 
3359847.3110 alya_3D_l+    500120K            nid[001122,001+ 
3359847.3111 alya_3D_l+    500580K            nid[002630-002+ 
3359847.3112 alya_3D_l+    500044K            nid[001921-001+ 
3359847.3113 alya_3D_l+    500268K            nid[001000,001+ 
3359847.3114 alya_3D_l+    499796K            nid[001253-001+ 
3359847.3115 alya_3D_l+    500244K            nid[001420-001+ 
3359847.3116 alya_3D_l+    500192K            nid[001122,001+ 
3359847.3117 alya_3D_l+    500212K            nid[002657,002+ 
3359847.3118 alya_3D_l+    500532K            nid[001000,001+ 
3359847.3119 alya_3D_l+    516120K            nid[001921-001+ 
3359847.3120 alya_3D_l+    500408K            nid[001253-001+ 
3359847.3121 alya_3D_l+    502704K            nid[001420-001+ 
3359847.3122 alya_3D_l+    500212K            nid[001122,001+ 
3359847.3123 alya_3D_l+    507256K            nid[002657,002+ 
3359847.3124 alya_3D_l+    500320K            nid[001000,001+ 
3359847.3125 alya_3D_l+    500392K            nid[001253-001+ 
3359847.3126 alya_3D_l+    500332K            nid[001253-001+ 
3359847.3127 alya_3D_l+    499904K            nid[001420-001+ 
3359847.3128 alya_3D_l+    516452K            nid[002657,002+ 
3359847.3129 alya_3D_l+    499912K            nid[001000,001+ 
3359847.3130 alya_3D_l+    500080K            nid[001122,001+ 
3359847.3131 alya_3D_l+    501460K            nid[001271,001+ 
3359847.3132 alya_3D_l+    499848K            nid[001253-001+ 
3359847.3133 alya_3D_l+    514812K            nid[001000,001+ 
3359847.3134 alya_3D_l+    516172K            nid[001030-001+ 
3359847.3135 alya_3D_l+    500076K            nid[001000,001+ 
3359847.3136 alya_3D_l+    500036K            nid[001122,001+ 
3359847.3137 alya_3D_l+    500164K            nid[002657,002+ 
3359847.3138 alya_3D_l+    500148K            nid[001253-001+ 
3359847.3139 alya_3D_l+    500580K            nid[001420-001+ 
3359847.3140 alya_3D_l+    500248K            nid[001000,001+ 
3359847.3141 alya_3D_l+    499884K            nid[001030-001+ 
3359847.3142 alya_3D_l+    517464K            nid[001000,001+ 
3359847.3143 alya_3D_l+    500236K            nid[002657,002+ 
3359847.3144 alya_3D_l+    500348K            nid[001253-001+ 
3359847.3145 alya_3D_l+    500572K            nid[001122,001+ 
3359847.3146 alya_3D_l+    500388K            nid[001149,001+ 
3359847.3147 alya_3D_l+    500236K            nid[001000,001+ 
3359847.3148 alya_3D_l+    499804K            nid[001030-001+ 
3359847.3149 alya_3D_l+    500236K            nid[001000,001+ 
3359847.3150 alya_3D_l+    515828K            nid[001253-001+ 
3359847.3151 alya_3D_l+    500080K            nid[001253-001+ 
3359847.3152 alya_3D_l+    500040K            nid[001271,001+ 
3359847.3153 alya_3D_l+    515496K            nid[001122,001+ 
3359847.3154 alya_3D_l+    516364K            nid[001149,001+ 
3359847.3155 alya_3D_l+    516172K            nid[001122,001+ 
3359847.3156 alya_3D_l+    500464K            nid[001000,001+ 
3359847.3157 alya_3D_l+    500080K            nid[001420-001+ 
3359847.3158 alya_3D_l+    515428K            nid[001420-001+ 
3359847.3159 alya_3D_l+    500076K            nid[002657,002+ 
3359847.3160 alya_3D_l+    499892K            nid[001000,001+ 
3359847.3161 alya_3D_l+    500400K            nid[001000,001+ 
3359847.3162 alya_3D_l+    514880K            nid[001122,001+ 
3359847.3163 alya_3D_l+    500284K            nid[001921-001+ 
3359847.3164 alya_3D_l+    500600K            nid[001253-001+ 
3359847.3165 alya_3D_l+    499872K            nid[001271,001+ 
3359847.3166 alya_3D_l+    516208K            nid[001253-001+ 
3359847.3167 alya_3D_l+    500184K            nid[001000,001+ 
3359847.3168 alya_3D_l+    516408K            nid[001122,001+ 
3359847.3169 alya_3D_l+    500088K            nid[001921-001+ 
3359847.3170 alya_3D_l+    500212K            nid[002657,002+ 
3359847.3171 alya_3D_l+    516020K            nid[001000,001+ 
3359847.3172 alya_3D_l+    500040K            nid[001030-001+ 
3359847.3173 alya_3D_l+    516012K            nid[001000,001+ 
3359847.3174 alya_3D_l+    515888K            nid[001122,001+ 
3359847.3175 alya_3D_l+    500152K            nid[001122,001+ 
3359847.3176 alya_3D_l+    500208K            nid[002657,002+ 
3359847.3177 alya_3D_l+    500476K            nid[001253-001+ 
3359847.3178 alya_3D_l+    516188K            nid[001253-001+ 
3359847.3179 alya_3D_l+    499784K            nid[001000,001+ 
3359847.3180 alya_3D_l+    500376K            nid[001921-001+ 
3359847.3181 alya_3D_l+    500552K            nid[001122,001+ 
3359847.3182 alya_3D_l+    500528K            nid[001122,001+ 
3359847.3183 alya_3D_l+    500284K            nid[001420-001+ 
3359847.3184 alya_3D_l+    500112K            nid[001000,001+ 
3359847.3185 alya_3D_l+    516440K            nid[001030-001+ 
3359847.3186 alya_3D_l+    500272K            nid[001000,001+ 
3359847.3187 alya_3D_l+    499960K            nid[002657,002+ 
3359847.3188 alya_3D_l+    500456K            nid[001122,001+ 
3359847.3189 alya_3D_l+    500412K            nid[001122,001+ 
3359847.3190 alya_3D_l+    500028K            nid[001000,001+ 
3359847.3191 alya_3D_l+    500180K            nid[001253-001+ 
3359847.3192 alya_3D_l+    516348K            nid[002630-002+ 
3359847.3193 alya_3D_l+    500188K            nid[001921-001+ 
3359847.3194 alya_3D_l+    499972K            nid[001420-001+ 
3359847.3195 alya_3D_l+    500188K            nid[001000,001+ 
3359847.3196 alya_3D_l+    516388K            nid[001122,001+ 
3359847.3197 alya_3D_l+    500940K            nid[002657,002+ 
3359847.3198 alya_3D_l+    500908K            nid[001253-001+ 
3359847.3199 alya_3D_l+    519276K            nid[001253-001+ 
3359847.3200 alya_3D_l+    500228K            nid[001420-001+ 
3359847.3201 alya_3D_l+    500168K            nid[001000,001+ 
3359847.3202 alya_3D_l+    499964K            nid[002657,002+ 
3359847.3203 alya_3D_l+    500408K            nid[001122,001+ 
3359847.3204 alya_3D_l+    516212K            nid[001000,001+ 
3359847.3205 alya_3D_l+    506084K            nid[001030-001+ 
3359847.3206 alya_3D_l+    500036K            nid[001064,001+ 
3359847.3207 alya_3D_l+    516212K            nid[001000,001+ 
3359847.3208 alya_3D_l+    500284K            nid[002657,002+ 
3359847.3209 alya_3D_l+    500316K            nid[001122,001+ 
3359847.3210 alya_3D_l+    500464K            nid[001253-001+ 
3359847.3211 alya_3D_l+    500100K            nid[001122,001+ 
3359847.3212 alya_3D_l+    499920K            nid[001122,001+ 
3359847.3213 alya_3D_l+    515284K            nid[001921-001+ 
3359847.3214 alya_3D_l+    499820K            nid[001000,001+ 
3359847.3215 alya_3D_l+    500268K            nid[001000,001+ 
3359847.3216 alya_3D_l+    516052K            nid[001253-001+ 
3359847.3217 alya_3D_l+    500084K            nid[001122,001+ 
3359847.3218 alya_3D_l+    501664K            nid[001122,001+ 
3359847.3219 alya_3D_l+    500300K            nid[002630-002+ 
3359847.3220 alya_3D_l+    517216K            nid[001000,001+ 
3359847.3221 alya_3D_l+    500128K            nid[001000,001+ 
3359847.3222 alya_3D_l+    500144K            nid[001253-001+ 
3359847.3223 alya_3D_l+    500252K            nid[001420-001+ 
3359847.3224 alya_3D_l+    500512K            nid[002657,002+ 
3359847.3225 alya_3D_l+    516164K            nid[001122,001+ 
3359847.3226 alya_3D_l+    500132K            nid[001000,001+ 
3359847.3227 alya_3D_l+    500864K            nid[001000,001+ 
3359847.3228 alya_3D_l+    500588K            nid[001253-001+ 
3359847.3229 alya_3D_l+    500476K            nid[001420-001+ 
3359847.3230 alya_3D_l+    516100K            nid[002657,002+ 
3359847.3231 alya_3D_l+    500536K            nid[001000,001+ 
3359847.3232 alya_3D_l+    499992K            nid[001030-001+ 
3359847.3233 alya_3D_l+    500216K            nid[001000,001+ 
3359847.3234 alya_3D_l+    500080K            nid[001253-001+ 
3359847.3235 alya_3D_l+    516936K            nid[001420-001+ 
3359847.3236 alya_3D_l+    502332K            nid[002657,002+ 
3359847.3237 alya_3D_l+    500264K            nid[001000,001+ 
3359847.3238 alya_3D_l+    500448K            nid[001030-001+ 
3359847.3239 alya_3D_l+    514692K            nid[001000,001+ 
3359847.3240 alya_3D_l+    500548K            nid[001253-001+ 
3359847.3241 alya_3D_l+    500692K            nid[001420-001+ 
3359847.3242 alya_3D_l+    500400K            nid[002657,002+ 
3359847.3243 alya_3D_l+    515772K            nid[001122,001+ 
3359847.3244 alya_3D_l+    499996K            nid[001921-001+ 
3359847.3245 alya_3D_l+    500304K            nid[001000,001+ 
3359847.3246 alya_3D_l+    500108K            nid[001271,001+ 
3359847.3247 alya_3D_l+    500208K            nid[001312,001+ 
3359847.3248 alya_3D_l+    500212K            nid[001253-001+ 
3359847.3249 alya_3D_l+    499944K            nid[001000,001+ 
3359847.3250 alya_3D_l+    500536K            nid[001122,001+ 
3359847.3251 alya_3D_l+    501612K            nid[001420-001+ 
3359847.3252 alya_3D_l+    516288K            nid[001253-001+ 
3359847.3253 alya_3D_l+    500228K            nid[001271,001+ 
3359847.3254 alya_3D_l+    516224K            nid[001253-001+ 
3359847.3255 alya_3D_l+    500064K            nid[001000,001+ 
3359847.3256 alya_3D_l+    516264K            nid[001122,001+ 
3359847.3257 alya_3D_l+    500512K            nid[001253-001+ 
3359847.3258 alya_3D_l+    500488K            nid[001253-001+ 
3359847.3259 alya_3D_l+    500164K            nid[001420-001+ 
3359847.3260 alya_3D_l+    500376K            nid[001921-001+ 
3359847.3261 alya_3D_l+    499784K            nid[001000,001+ 
3359847.3262 alya_3D_l+    500212K            nid[001122,001+ 
3359847.3263 alya_3D_l+    500152K            nid[001271,001+ 
3359847.3264 alya_3D_l+    500344K            nid[001253-001+ 
3359847.3265 alya_3D_l+    499928K            nid[001000,001+ 
3359847.3266 alya_3D_l+    500480K            nid[001030-001+ 
3359847.3267 alya_3D_l+    499956K            nid[001000,001+ 
3359847.3268 alya_3D_l+    514740K            nid[001064,001+ 
3359847.3269 alya_3D_l+    500024K            nid[001000,001+ 
3359847.3270 alya_3D_l+    516100K            nid[001000,001+ 
3359847.3271 alya_3D_l+    499732K            nid[001253-001+ 
3359847.3272 alya_3D_l+    516488K            nid[001271,001+ 
3359847.3273 alya_3D_l+    502428K            nid[001253-001+ 
3359847.3274 alya_3D_l+    500228K            nid[002657,002+ 
3359847.3275 alya_3D_l+    499968K            nid[001000,001+ 
3359847.3276 alya_3D_l+    516292K            nid[001000,001+ 
3359847.3277 alya_3D_l+    500164K            nid[001253-001+ 
3359847.3278 alya_3D_l+    499856K            nid[001271,001+ 
3359847.3279 alya_3D_l+    516048K            nid[001312,001+ 
3359847.3280 alya_3D_l+    500172K            nid[001253-001+ 
3359847.3281 alya_3D_l+    515680K            nid[001000,001+ 
3359847.3282 alya_3D_l+    500584K            nid[001000,001+ 
3359847.3283 alya_3D_l+    500352K            nid[001420-001+ 
3359847.3284 alya_3D_l+    500380K            nid[001420-001+ 
3359847.3285 alya_3D_l+    515700K            nid[001253-001+ 
3359847.3286 alya_3D_l+    516236K            nid[001253-001+ 
3359847.3287 alya_3D_l+    499840K            nid[001000,001+ 
3359847.3288 alya_3D_l+    499964K            nid[001149,001+ 
3359847.3289 alya_3D_l+    516720K            nid[001122,001+ 
3359847.3290 alya_3D_l+    500076K            nid[001420-001+ 
3359847.3291 alya_3D_l+    500240K            nid[001000,001+ 
3359847.3292 alya_3D_l+    515516K            nid[001030-001+ 
3359847.3293 alya_3D_l+    500236K            nid[001000,001+ 
3359847.3294 alya_3D_l+    500416K            nid[001420-001+ 
3359847.3295 alya_3D_l+    499884K            nid[001122,001+ 
3359847.3296 alya_3D_l+    488.50M            nid[001122,001+ 
3359847.3297 alya_3D_l+    500348K            nid[001000,001+ 
3359847.3298 alya_3D_l+    515820K            nid[001000,001+ 
3359847.3299 alya_3D_l+    500360K            nid[001921-001+ 
3359847.3300 alya_3D_l+    500192K            nid[001420-001+ 
3359847.3301 alya_3D_l+    500664K            nid[001122,001+ 
3359847.3302 alya_3D_l+    500072K            nid[001122,001+ 
3359847.3303 alya_3D_l+    500156K            nid[001000,001+ 
3359847.3304 alya_3D_l+    500732K            nid[001030-001+ 
3359847.3305 alya_3D_l+    515852K            nid[001064,001+ 
3359847.3306 alya_3D_l+    500012K            nid[001000,001+ 
3359847.3307 alya_3D_l+    500088K            nid[001122,001+ 
3359847.3308 alya_3D_l+    500024K            nid[001122,001+ 
3359847.3309 alya_3D_l+    500108K            nid[001253-001+ 
3359847.3310 alya_3D_l+    500184K            nid[001149,001+ 
3359847.3311 alya_3D_l+    500348K            nid[001194,001+ 
3359847.3312 alya_3D_l+    500288K            nid[001000,001+ 
3359847.3313 alya_3D_l+    516856K            nid[001000,001+ 
3359847.3314 alya_3D_l+    500452K            nid[001921-001+ 
3359847.3315 alya_3D_l+    516144K            nid[001253-001+ 
3359847.3316 alya_3D_l+    499952K            nid[001431,001+ 
3359847.3317 alya_3D_l+    500228K            nid[001122,001+ 
3359847.3318 alya_3D_l+    500020K            nid[001000,001+ 
3359847.3319 alya_3D_l+    500204K            nid[001000,001+ 
3359847.3320 alya_3D_l+    516312K            nid[001921-001+ 
3359847.3321 alya_3D_l+    500144K            nid[001253-001+ 
3359847.3322 alya_3D_l+    500496K            nid[001431,001+ 
3359847.3323 alya_3D_l+    500500K            nid[001122,001+ 
3359847.3324 alya_3D_l+    502432K            nid[001122,001+ 
3359847.3325 alya_3D_l+    500160K            nid[001000,001+ 
3359847.3326 alya_3D_l+    500264K            nid[001921-001+ 
3359847.3327 alya_3D_l+    499892K            nid[001253-001+ 
3359847.3328 alya_3D_l+    516488K            nid[001122,001+ 
3359847.3329 alya_3D_l+    500460K            nid[001122,001+ 
3359847.3330 alya_3D_l+    500336K            nid[001420-001+ 
3359847.3331 alya_3D_l+    499840K            nid[001000,001+ 
3359847.3332 alya_3D_l+    516044K            nid[001921-001+ 
3359847.3333 alya_3D_l+    500160K            nid[001253-001+ 
3359847.3334 alya_3D_l+    500072K            nid[001122,001+ 
3359847.3335 alya_3D_l+    500540K            nid[001149,001+ 
3359847.3336 alya_3D_l+    499992K            nid[001000,001+ 
3359847.3337 alya_3D_l+    500284K            nid[001030-001+ 
3359847.3338 alya_3D_l+    500136K            nid[001000,001+ 
3359847.3339 alya_3D_l+    500376K            nid[001921-001+ 
3359847.3340 alya_3D_l+    500340K            nid[001253-001+ 
3359847.3341 alya_3D_l+    500180K            nid[001271,001+ 
3359847.3342 alya_3D_l+    500720K            nid[001253-001+ 
3359847.3343 alya_3D_l+    499824K            nid[001000,001+ 
3359847.3344 alya_3D_l+    516016K            nid[001030-001+ 
3359847.3345 alya_3D_l+    516436K            nid[001000,001+ 
3359847.3346 alya_3D_l+    499732K            nid[001253-001+ 
3359847.3347 alya_3D_l+    500308K            nid[001271,001+ 
3359847.3348 alya_3D_l+    516460K            nid[001253-001+ 
3359847.3349 alya_3D_l+    516112K            nid[001000,001+ 
3359847.3350 alya_3D_l+    499916K            nid[001030-001+ 
3359847.3351 alya_3D_l+    499928K            nid[001000,001+ 
3359847.3352 alya_3D_l+    500208K            nid[001420-001+ 
3359847.3353 alya_3D_l+    500204K            nid[002657,002+ 
3359847.3354 alya_3D_l+    515888K            nid[001030-001+ 
3359847.3355 alya_3D_l+    500152K            nid[001000,001+ 
3359847.3356 alya_3D_l+    500080K            nid[001000,001+ 
3359847.3357 alya_3D_l+    500600K            nid[001921-001+ 
3359847.3358 alya_3D_l+    500332K            nid[001420-001+ 
3359847.3359 alya_3D_l+    516368K            nid[002657,002+ 
3359847.3360 alya_3D_l+    500076K            nid[001000,001+ 
3359847.3361 alya_3D_l+    515760K            nid[001030-001+ 
3359847.3362 alya_3D_l+    500320K            nid[001000,001+ 
3359847.3363 alya_3D_l+    500660K            nid[001921-001+ 
3359847.3364 alya_3D_l+    500056K            nid[001420-001+ 
3359847.3365 alya_3D_l+    499964K            nid[002657,002+ 
3359847.3366 alya_3D_l+    500440K            nid[001000,001+ 
3359847.3367 alya_3D_l+    500252K            nid[001000,001+ 
3359847.3368 alya_3D_l+    500052K            nid[001253-001+ 
3359847.3369 alya_3D_l+    500652K            nid[001921-001+ 
3359847.3370 alya_3D_l+    517204K            nid[001420-001+ 
3359847.3371 alya_3D_l+    500576K            nid[002657,002+ 
3359847.3372 alya_3D_l+    499976K            nid[001000,001+ 
3359847.3373 alya_3D_l+    500404K            nid[001122,001+ 
3359847.3374 alya_3D_l+    500384K            nid[001253-001+ 
3359847.3375 alya_3D_l+    500024K            nid[001431,001+ 
3359847.3376 alya_3D_l+    500692K            nid[001420-001+ 
3359847.3377 alya_3D_l+    499852K            nid[002657,002+ 
3359847.3378 alya_3D_l+    516172K            nid[001000,001+ 
3359847.3379 alya_3D_l+    500144K            nid[001122,001+ 
3359847.3380 alya_3D_l+    516088K            nid[001253-001+ 
3359847.3381 alya_3D_l+    501484K            nid[001420-001+ 
3359847.3382 alya_3D_l+    499896K            nid[002630-002+ 
3359847.3383 alya_3D_l+    515924K            nid[001000,001+ 
3359847.3384 alya_3D_l+    500444K            nid[001000,001+ 
3359847.3385 alya_3D_l+    516276K            nid[001122,001+ 
3359847.3386 alya_3D_l+    500676K            nid[001253-001+ 
3359847.3387 alya_3D_l+    500564K            nid[001253-001+ 
3359847.3388 alya_3D_l+    500344K            nid[002657,002+ 
3359847.3389 alya_3D_l+    500464K            nid[001000,001+ 
3359847.3390 alya_3D_l+    500308K            nid[001000,001+ 
3359847.3391 alya_3D_l+    500492K            nid[001122,001+ 
3359847.3392 alya_3D_l+    500092K            nid[001253-001+ 
3359847.3393 alya_3D_l+    515988K            nid[001271,001+ 
3359847.3394 alya_3D_l+    500424K            nid[001253-001+ 
3359847.3395 alya_3D_l+    500040K            nid[001921-001+ 
3359847.3396 alya_3D_l+    500296K            nid[001000,001+ 
3359847.3397 alya_3D_l+    500432K            nid[001000,001+ 
3359847.3398 alya_3D_l+    500024K            nid[001420-001+ 
3359847.3399 alya_3D_l+    500360K            nid[001122,001+ 
3359847.3400 alya_3D_l+    500216K            nid[001000,001+ 
3359847.3401 alya_3D_l+    501868K            nid[001030-001+ 
3359847.3402 alya_3D_l+    500500K            nid[001064,001+ 
3359847.3403 alya_3D_l+    500620K            nid[001000,001+ 
3359847.3404 alya_3D_l+    516260K            nid[001420-001+ 
3359847.3405 alya_3D_l+    500076K            nid[001122,001+ 
3359847.3406 alya_3D_l+    500424K            nid[001122,001+ 
3359847.3407 alya_3D_l+    500168K            nid[001000,001+ 
3359847.3408 alya_3D_l+    516276K            nid[001000,001+ 
3359847.3409 alya_3D_l+    500524K            nid[001253-001+ 
3359847.3410 alya_3D_l+    500472K            nid[001420-001+ 
3359847.3411 alya_3D_l+    500364K            nid[001122,001+ 
3359847.3412 alya_3D_l+    500676K            nid[001122,001+ 
3359847.3413 alya_3D_l+    515984K            nid[001271,001+ 
3359847.3414 alya_3D_l+    516224K            nid[001000,001+ 
3359847.3415 alya_3D_l+    500252K            nid[001030-001+ 
3359847.3416 alya_3D_l+    514788K            nid[001000,001+ 
3359847.3417 alya_3D_l+    500416K            nid[002657,002+ 
3359847.3418 alya_3D_l+    500568K            nid[001122,001+ 
3359847.3419 alya_3D_l+    515980K            nid[001000,001+ 
3359847.3420 alya_3D_l+    500368K            nid[001000,001+ 
3359847.3421 alya_3D_l+    500188K            nid[001420-001+ 
3359847.3422 alya_3D_l+    514180K            nid[001921-001+ 
3359847.3423 alya_3D_l+    516248K            nid[002657,002+ 
3359847.3424 alya_3D_l+    500344K            nid[001122,001+ 
3359847.3425 alya_3D_l+    499972K            nid[001000,001+ 
3359847.3426 alya_3D_l+    500472K            nid[001030-001+ 
3359847.3427 alya_3D_l+    500096K            nid[001000,001+ 
3359847.3428 alya_3D_l+    515708K            nid[001431,001+ 
3359847.3429 alya_3D_l+    500232K            nid[001122,001+ 
3359847.3430 alya_3D_l+    500212K            nid[001122,001+ 
3359847.3431 alya_3D_l+    500136K            nid[001000,001+ 
3359847.3432 alya_3D_l+    500020K            nid[001030-001+ 
3359847.3433 alya_3D_l+    499884K            nid[001000,001+ 
3359847.3434 alya_3D_l+    500424K            nid[001921-001+ 
3359847.3435 alya_3D_l+    500368K            nid[001122,001+ 
3359847.3436 alya_3D_l+    516304K            nid[001420-001+ 
3359847.3437 alya_3D_l+    500232K            nid[002657,002+ 
3359847.3438 alya_3D_l+    500372K            nid[001000,001+ 
3359847.3439 alya_3D_l+    500048K            nid[001253-001+ 
3359847.3440 alya_3D_l+    500084K            nid[001921-001+ 
3359847.3441 alya_3D_l+    500344K            nid[001122,001+ 
3359847.3442 alya_3D_l+    500360K            nid[001420-001+ 
3359847.3443 alya_3D_l+    500080K            nid[002657,002+ 
3359847.3444 alya_3D_l+    500580K            nid[001000,001+ 
3359847.3445 alya_3D_l+    516340K            nid[001253-001+ 
3359847.3446 alya_3D_l+    517628K            nid[001253-001+ 
3359847.3447 alya_3D_l+    516992K            nid[001122,001+ 
3359847.3448 alya_3D_l+    516264K            nid[001122,001+ 
3359847.3449 alya_3D_l+    500272K            nid[001420-001+ 
3359847.3450 alya_3D_l+    500180K            nid[001000,001+ 
3359847.3451 alya_3D_l+    500408K            nid[001921-001+ 
3359847.3452 alya_3D_l+    500060K            nid[001253-001+ 
3359847.3453 alya_3D_l+    500084K            nid[001122,001+ 
3359847.3454 alya_3D_l+    505212K            nid[001149,001+ 
3359847.3455 alya_3D_l+    500136K            nid[001122,001+ 
3359847.3456 alya_3D_l+    499940K            nid[001000,001+ 
3359847.3457 alya_3D_l+    500084K            nid[001000,001+ 
3359847.3458 alya_3D_l+    500152K            nid[001253-001+ 
3359847.3459 alya_3D_l+    500796K            nid[001122,001+ 
3359847.3460 alya_3D_l+    500332K            nid[001149,001+ 
3359847.3461 alya_3D_l+    500388K            nid[001122,001+ 
3359847.3462 alya_3D_l+    500244K            nid[001000,001+ 
3359847.3463 alya_3D_l+    502340K            nid[001030-001+ 
3359847.3464 alya_3D_l+    500060K            nid[001000,001+ 
3359847.3465 alya_3D_l+    499980K            nid[001420-001+ 
3359847.3466 alya_3D_l+    500444K            nid[002657,002+ 
3359847.3467 alya_3D_l+    500184K            nid[001122,001+ 
3359847.3468 alya_3D_l+    500256K            nid[001253-001+ 
3359847.3469 alya_3D_l+    499808K            nid[001000,001+ 
3359847.3470 alya_3D_l+    500100K            nid[001000,001+ 
3359847.3471 alya_3D_l+    516192K            nid[001420-001+ 
3359847.3472 alya_3D_l+    500032K            nid[002657,002+ 
3359847.3473 alya_3D_l+    500380K            nid[001122,001+ 
3359847.3474 alya_3D_l+    499936K            nid[001921-001+ 
3359847.3475 alya_3D_l+    502400K            nid[001431,001+ 
3359847.3476 alya_3D_l+    499948K            nid[001000,001+ 
3359847.3477 alya_3D_l+    500260K            nid[001030-001+ 
3359847.3478 alya_3D_l+    515904K            nid[001064,001+ 
3359847.3479 alya_3D_l+    500176K            nid[001000,001+ 
3359847.3480 alya_3D_l+    500052K            nid[001921-001+ 
3359847.3481 alya_3D_l+    499928K            nid[002657,002+ 
3359847.3482 alya_3D_l+    499840K            nid[001253-001+ 
3359847.3483 alya_3D_l+    515396K            nid[001253-001+ 
3359847.3484 alya_3D_l+    500132K            nid[001000,001+ 
3359847.3485 alya_3D_l+    517036K            nid[001000,001+ 
3359847.3486 alya_3D_l+    515352K            nid[001921-001+ 
3359847.3487 alya_3D_l+    520196K            nid[002657,002+ 
3359847.3488 alya_3D_l+    500588K            nid[001122,001+ 
3359847.3489 alya_3D_l+    500288K            nid[001149,001+ 
3359847.3490 alya_3D_l+    500136K            nid[001122,001+ 
3359847.3491 alya_3D_l+    500000K            nid[001000,001+ 
3359847.3492 alya_3D_l+    515792K            nid[001921-001+ 
3359847.3493 alya_3D_l+    500100K            nid[002657,002+ 
3359847.3494 alya_3D_l+    500088K            nid[001420-001+ 
3359847.3495 alya_3D_l+    500356K            nid[001122,001+ 
3359847.3496 alya_3D_l+    499980K            nid[001122,001+ 
3359847.3497 alya_3D_l+    499868K            nid[001000,001+ 
3359847.3498 alya_3D_l+    500196K            nid[001420-001+ 
3359847.3499 alya_3D_l+    500092K            nid[001420-001+ 
3359847.3500 alya_3D_l+    500132K            nid[001921-001+ 
3359847.3501 alya_3D_l+    500096K            nid[001122,001+ 
3359847.3502 alya_3D_l+    500268K            nid[001122,001+ 
3359847.3503 alya_3D_l+    500360K            nid[001000,001+ 
3359847.3504 alya_3D_l+    500380K            nid[002657,002+ 
3359847.3505 alya_3D_l+    499940K            nid[001122,001+ 
3359847.3506 alya_3D_l+    516196K            nid[001149,001+ 
3359847.3507 alya_3D_l+    516352K            nid[001194,001+ 
3359847.3508 alya_3D_l+    500116K            nid[001000,001+ 
3359847.3509 alya_3D_l+    500056K            nid[001000,001+ 
3359847.3510 alya_3D_l+    500004K            nid[002657,002+ 
3359847.3511 alya_3D_l+    500012K            nid[001253-001+ 
3359847.3512 alya_3D_l+    514648K            nid[001000,001+ 
3359847.3513 alya_3D_l+    500488K            nid[001030-001+ 
3359847.3514 alya_3D_l+    500196K            nid[001000,001+ 
3359847.3515 alya_3D_l+    500404K            nid[001149,001+ 
3359847.3516 alya_3D_l+    516652K            nid[001122,001+ 
3359847.3517 alya_3D_l+    516860K            nid[001921-001+ 
3359847.3518 alya_3D_l+    500164K            nid[001253-001+ 
3359847.3519 alya_3D_l+    516224K            nid[001271,001+ 
3359847.3520 alya_3D_l+    516372K            nid[001253-001+ 
3359847.3521 alya_3D_l+    500080K            nid[001000,001+ 
3359847.3522 alya_3D_l+    500308K            nid[001122,001+ 
3359847.3523 alya_3D_l+    500220K            nid[001921-001+ 
3359847.3524 alya_3D_l+    500148K            nid[001420-001+ 
3359847.3525 alya_3D_l+    500392K            nid[001000,001+ 
3359847.3526 alya_3D_l+    500216K            nid[001000,001+ 
3359847.3527 alya_3D_l+    500164K            nid[001149,001+ 
3359847.3528 alya_3D_l+    500424K            nid[001194,001+ 
3359847.3529 alya_3D_l+    499944K            nid[001122,001+ 
3359847.3530 alya_3D_l+    500600K            nid[001420-001+ 
3359847.3531 alya_3D_l+    500372K            nid[001000,001+ 
3359847.3532 alya_3D_l+    500128K            nid[001000,001+ 
3359847.3533 alya_3D_l+    500368K            nid[001253-001+ 
3359847.3534 alya_3D_l+    500400K            nid[001921-001+ 
3359847.3535 alya_3D_l+    499916K            nid[001122,001+ 
3359847.3536 alya_3D_l+    500164K            nid[001420-001+ 
3359847.3537 alya_3D_l+    500544K            nid[001000,001+ 
3359847.3538 alya_3D_l+    500068K            nid[001000,001+ 
3359847.3539 alya_3D_l+    499976K            nid[001122,001+ 
3359847.3540 alya_3D_l+    500580K            nid[001149,001+ 
3359847.3541 alya_3D_l+    500204K            nid[001122,001+ 
3359847.3542 alya_3D_l+    500116K            nid[001420-001+ 
3359847.3543 alya_3D_l+    516080K            nid[001000,001+ 
3359847.3544 alya_3D_l+    500812K            nid[002630-002+ 
3359847.3545 alya_3D_l+    500504K            nid[001921-001+ 
3359847.3546 alya_3D_l+    500032K            nid[001122,001+ 
3359847.3547 alya_3D_l+    500488K            nid[001122,001+ 
3359847.3548 alya_3D_l+    515388K            nid[001000,001+ 
3359847.3549 alya_3D_l+    500812K            nid[001000,001+ 
3359847.3550 alya_3D_l+    516152K            nid[001921-001+ 
3359847.3551 alya_3D_l+    500096K            nid[002657,002+ 
3359847.3552 alya_3D_l+    516072K            nid[001122,001+ 
3359847.3553 alya_3D_l+    516256K            nid[001122,001+ 
3359847.3554 alya_3D_l+    500372K            nid[001000,001+ 
3359847.3555 alya_3D_l+    516256K            nid[001000,001+ 
3359847.3556 alya_3D_l+    508892K            nid[001921-001+ 
3359847.3557 alya_3D_l+    500208K            nid[001122,001+ 
3359847.3558 alya_3D_l+    515784K            nid[001122,001+ 
3359847.3559 alya_3D_l+    500184K            nid[001000,001+ 
3359847.3560 alya_3D_l+    515624K            nid[001030-001+ 
3359847.3561 alya_3D_l+    500680K            nid[001000,001+ 
3359847.3562 alya_3D_l+    500348K            nid[001122,001+ 
3359847.3563 alya_3D_l+    500044K            nid[001122,001+ 
3359847.3564 alya_3D_l+    500200K            nid[001420-001+ 
3359847.3565 alya_3D_l+    516128K            nid[001000,001+ 
3359847.3566 alya_3D_l+    501548K            nid[001000,001+ 
3359847.3567 alya_3D_l+    500144K            nid[001253-001+ 
3359847.3568 alya_3D_l+    500284K            nid[001122,001+ 
3359847.3569 alya_3D_l+    500080K            nid[001000,001+ 
3359847.3570 alya_3D_l+    500380K            nid[001431,001+ 
3359847.3571 alya_3D_l+    500260K            nid[001253-001+ 
3359847.3572 alya_3D_l+    499852K            nid[001253-001+ 
3359847.3573 alya_3D_l+    500304K            nid[001122,001+ 
3359847.3574 alya_3D_l+    499972K            nid[001000,001+ 
3359847.3575 alya_3D_l+    516312K            nid[001271,001+ 
3359847.3576 alya_3D_l+    500128K            nid[001122,001+ 
3359847.3577 alya_3D_l+    500092K            nid[001149,001+ 
3359847.3578 alya_3D_l+    516288K            nid[001122,001+ 
3359847.3579 alya_3D_l+    500064K            nid[001000,001+ 
3359847.3580 alya_3D_l+    500592K            nid[001000,001+ 
3359847.3581 alya_3D_l+    500084K            nid[001000,001+ 
3359847.3582 alya_3D_l+    516296K            nid[001122,001+ 
3359847.3583 alya_3D_l+    500508K            nid[001149,001+ 
3359847.3584 alya_3D_l+    500316K            nid[001122,001+ 
3359847.3585 alya_3D_l+    500296K            nid[001000,001+ 
3359847.3586 alya_3D_l+    502284K            nid[001030-001+ 
3359847.3587 alya_3D_l+    500132K            nid[001064,001+ 
3359847.3588 alya_3D_l+    500324K            nid[001106,001+ 
3359847.3589 alya_3D_l+    499900K            nid[001000,001+ 
3359847.3590 alya_3D_l+    500032K            nid[001030-001+ 
3359847.3591 alya_3D_l+    499980K            nid[001064,001+ 
3359847.3592 alya_3D_l+    500376K            nid[001000,001+ 
3359847.3593 alya_3D_l+    500308K            nid[001106,001+ 
3359847.3594 alya_3D_l+    499976K            nid[001030-001+ 
3359847.3595 alya_3D_l+    516116K            nid[001064,001+ 
3359847.3596 alya_3D_l+    500208K            nid[001000,001+ 
3359847.3597 alya_3D_l+    500420K            nid[001000,001+ 
3359847.3598 alya_3D_l+    500408K            nid[001000,001+ 
3359847.3599 alya_3D_l+    499924K            nid[001000,001+ 
3359847.3600 alya_3D_l+    501288K            nid[001000,001+ 
3359847.3601 alya_3D_l+    500328K            nid[001000,001+ 
3359847.3602 alya_3D_l+    500212K            nid[001149,001+ 
3359847.3603 alya_3D_l+    500260K            nid[001194,001+ 
3359847.3604 alya_3D_l+    499976K            nid[001122,001+ 
3359847.3605 alya_3D_l+    500552K            nid[002657,002+ 
3359847.3606 alya_3D_l+    499844K            nid[001253-001+ 
3359847.3607 alya_3D_l+    500176K            nid[001030-001+ 
3359847.3608 alya_3D_l+    500100K            nid[001000,001+ 
3359847.3609 alya_3D_l+    500080K            nid[001000,001+ 
3359847.3610 alya_3D_l+    500684K            nid[001921-001+ 
3359847.3611 alya_3D_l+    500120K            nid[001122,001+ 
3359847.3612 alya_3D_l+    500120K            nid[001253-001+ 
3359847.3613 alya_3D_l+    500160K            nid[001030-001+ 
3359847.3614 alya_3D_l+    500016K            nid[001064,001+ 
3359847.3615 alya_3D_l+    500440K            nid[001000,001+ 
3359847.3616 alya_3D_l+    500056K            nid[001420-001+ 
3359847.3617 alya_3D_l+    500500K            nid[001921-001+ 
3359847.3618 alya_3D_l+    500064K            nid[001253-001+ 
3359847.3619 alya_3D_l+    500164K            nid[002657,002+ 
3359847.3620 alya_3D_l+    515452K            nid[001122,001+ 
3359847.3621 alya_3D_l+    500284K            nid[001921-001+ 
3359847.3622 alya_3D_l+    499856K            nid[001000,001+ 
3359847.3623 alya_3D_l+    515452K            nid[001253-001+ 
3359847.3624 alya_3D_l+    500276K            nid[001420-001+ 
3359847.3625 alya_3D_l+    500004K            nid[002657,002+ 
3359847.3626 alya_3D_l+    499980K            nid[001000,001+ 
3359847.3627 alya_3D_l+    515904K            nid[001030-001+ 
3359847.3628 alya_3D_l+    499864K            nid[001000,001+ 
3359847.3629 alya_3D_l+    516268K            nid[002657,002+ 
3359847.3630 alya_3D_l+    516404K            nid[001253-001+ 
3359847.3631 alya_3D_l+    500300K            nid[001253-001+ 
3359847.3632 alya_3D_l+    500304K            nid[001921-001+ 
3359847.3633 alya_3D_l+    500348K            nid[001921-001+ 
3359847.3634 alya_3D_l+    499924K            nid[001000,001+ 
3359847.3635 alya_3D_l+    518896K            nid[001000,001+ 
3359847.3636 alya_3D_l+    500116K            nid[001253-001+ 
3359847.3637 alya_3D_l+    500128K            nid[001253-001+ 
3359847.3638 alya_3D_l+    500400K            nid[001921-001+ 
3359847.3639 alya_3D_l+    499940K            nid[001122,001+ 
3359847.3640 alya_3D_l+    500052K            nid[001000,001+ 
3359847.3641 alya_3D_l+    505356K            nid[001030-001+ 
3359847.3642 alya_3D_l+    501232K            nid[001000,001+ 
3359847.3643 alya_3D_l+    500424K            nid[001253-001+ 
3359847.3644 alya_3D_l+    500388K            nid[001253-001+ 
3359847.3645 alya_3D_l+    500248K            nid[001149,001+ 
3359847.3646 alya_3D_l+    500024K            nid[001122,001+ 
3359847.3647 alya_3D_l+    500084K            nid[001000,001+ 
3359847.3648 alya_3D_l+    502316K            nid[001000,001+ 
3359847.3649 alya_3D_l+    502220K            nid[001420-001+ 
3359847.3650 alya_3D_l+    500356K            nid[001122,001+ 
3359847.3651 alya_3D_l+    500612K            nid[001149,001+ 
3359847.3652 alya_3D_l+    500160K            nid[001122,001+ 
3359847.3653 alya_3D_l+    499828K            nid[001000,001+ 
3359847.3654 alya_3D_l+    500428K            nid[001000,001+ 
3359847.3655 alya_3D_l+    500164K            nid[001420-001+ 
3359847.3656 alya_3D_l+    500544K            nid[001122,001+ 
3359847.3657 alya_3D_l+    499768K            nid[001149,001+ 
3359847.3658 alya_3D_l+    488.50M            nid[001122,001+ 
3359847.3659 alya_3D_l+    500048K            nid[001000,001+ 
3359847.3660 alya_3D_l+    500204K            nid[001030-001+ 
3359847.3661 alya_3D_l+    500180K            nid[001000,001+ 
3359847.3662 alya_3D_l+    516056K            nid[002657,002+ 
3359847.3663 alya_3D_l+    500344K            nid[001122,001+ 
3359847.3664 alya_3D_l+    516112K            nid[001122,001+ 
3359847.3665 alya_3D_l+    500260K            nid[001431,001+ 
3359847.3666 alya_3D_l+    516060K            nid[001000,001+ 
3359847.3667 alya_3D_l+    505096K            nid[001000,001+ 
3359847.3668 alya_3D_l+    499784K            nid[002657,002+ 
3359847.3669 alya_3D_l+    500272K            nid[001253-001+ 
3359847.3670 alya_3D_l+    500464K            nid[001122,001+ 
3359847.3671 alya_3D_l+    499972K            nid[001000,001+ 
3359847.3672 alya_3D_l+    500556K            nid[001030-001+ 
3359847.3673 alya_3D_l+    500632K            nid[001064,001+ 
3359847.3674 alya_3D_l+    500264K            nid[001000,001+ 
3359847.3675 alya_3D_l+    499944K            nid[001921-001+ 
3359847.3676 alya_3D_l+    500296K            nid[001149,001+ 
3359847.3677 alya_3D_l+    500268K            nid[001122,001+ 
3359847.3678 alya_3D_l+    500388K            nid[001122,001+ 
3359847.3679 alya_3D_l+    500072K            nid[001000,001+ 
3359847.3680 alya_3D_l+    500368K            nid[001000,001+ 
3359847.3681 alya_3D_l+    500384K            nid[001921-001+ 
3359847.3682 alya_3D_l+    500548K            nid[001420-001+ 
3359847.3683 alya_3D_l+    500280K            nid[001921-001+ 
3359847.3684 alya_3D_l+    500220K            nid[001122,001+ 
3359847.3685 alya_3D_l+    500348K            nid[001000,001+ 
3359847.3686 alya_3D_l+    500408K            nid[001000,001+ 
3359847.3687 alya_3D_l+    500340K            nid[001253-001+ 
3359847.3688 alya_3D_l+    500260K            nid[001420-001+ 
3359847.3689 alya_3D_l+    500188K            nid[002657,002+ 
3359847.3690 alya_3D_l+    517776K            nid[001921-001+ 
3359847.3691 alya_3D_l+    500040K            nid[001000,001+ 
3359847.3692 alya_3D_l+    515932K            nid[001030-001+ 
3359847.3693 alya_3D_l+    515136K            nid[001000,001+ 
3359847.3694 alya_3D_l+    516232K            nid[001253-001+ 
3359847.3695 alya_3D_l+    516236K            nid[002657,002+ 
3359847.3696 alya_3D_l+    500412K            nid[001921-001+ 
3359847.3697 alya_3D_l+    516280K            nid[001122,001+ 
3359847.3698 alya_3D_l+    500820K            nid[001000,001+ 
3359847.3699 alya_3D_l+    518812K            nid[001000,001+ 
3359847.3700 alya_3D_l+    500264K            nid[001253-001+ 
3359847.3701 alya_3D_l+    500580K            nid[001420-001+ 
3359847.3702 alya_3D_l+    500308K            nid[001921-001+ 
3359847.3703 alya_3D_l+    500184K            nid[001122,001+ 
3359847.3704 alya_3D_l+    500340K            nid[001000,001+ 
3359847.3705 alya_3D_l+    516792K            nid[001030-001+ 
3359847.3706 alya_3D_l+    499768K            nid[001000,001+ 
3359847.3707 alya_3D_l+    500956K            nid[001420-001+ 
3359847.3708 alya_3D_l+    500308K            nid[001420-001+ 
3359847.3709 alya_3D_l+    500072K            nid[001122,001+ 
3359847.3710 alya_3D_l+    488.50M            nid[001253-001+ 
3359847.3711 alya_3D_l+    500188K            nid[001000,001+ 
3359847.3712 alya_3D_l+    499764K            nid[001000,001+ 
3359847.3713 alya_3D_l+    500612K            nid[001420-001+ 
3359847.3714 alya_3D_l+    500544K            nid[001122,001+ 
3359847.3715 alya_3D_l+    500348K            nid[001122,001+ 
3359847.3716 alya_3D_l+    500296K            nid[002657,002+ 
3359847.3717 alya_3D_l+    500172K            nid[001000,001+ 
3359847.3718 alya_3D_l+    500032K            nid[001030-001+ 
3359847.3719 alya_3D_l+    500064K            nid[001000,001+ 
3359847.3720 alya_3D_l+    500088K            nid[001122,001+ 
3359847.3721 alya_3D_l+    500184K            nid[001122,001+ 
3359847.3722 alya_3D_l+    516344K            nid[001921-001+ 
3359847.3723 alya_3D_l+    500296K            nid[001253-001+ 
3359847.3724 alya_3D_l+    500152K            nid[001420-001+ 
3359847.3725 alya_3D_l+    501456K            nid[001000,001+ 
3359847.3726 alya_3D_l+    500604K            nid[002657,002+ 
3359847.3727 alya_3D_l+    500204K            nid[001122,001+ 
3359847.3728 alya_3D_l+    500696K            nid[001921-001+ 
3359847.3729 alya_3D_l+    515864K            nid[001253-001+ 
3359847.3730 alya_3D_l+    516568K            nid[001420-001+ 
3359847.3731 alya_3D_l+    516264K            nid[001000,001+ 
3359847.3732 alya_3D_l+    500068K            nid[002657,002+ 
3359847.3733 alya_3D_l+    500144K            nid[001122,001+ 
3359847.3734 alya_3D_l+    500212K            nid[001921-001+ 
3359847.3735 alya_3D_l+    500556K            nid[001253-001+ 
3359847.3736 alya_3D_l+    500500K            nid[001253-001+ 
3359847.3737 alya_3D_l+    500196K            nid[001000,001+ 
3359847.3738 alya_3D_l+    500060K            nid[001122,001+ 
3359847.3739 alya_3D_l+    502376K            nid[002657,002+ 
3359847.3740 alya_3D_l+    516208K            nid[001921-001+ 
3359847.3741 alya_3D_l+    500116K            nid[001420-001+ 
3359847.3742 alya_3D_l+    500244K            nid[001253-001+ 
3359847.3743 alya_3D_l+    500448K            nid[001000,001+ 
3359847.3744 alya_3D_l+    499988K            nid[001122,001+ 
3359847.3745 alya_3D_l+    500124K            nid[001921-001+ 
3359847.3746 alya_3D_l+    500548K            nid[001921-001+ 
3359847.3747 alya_3D_l+    500120K            nid[001253-001+ 
3359847.3748 alya_3D_l+    500212K            nid[001253-001+ 
3359847.3749 alya_3D_l+    500040K            nid[001000,001+ 
3359847.3750 alya_3D_l+    500048K            nid[001122,001+ 
3359847.3751 alya_3D_l+    517316K            nid[001420-001+ 
3359847.3752 alya_3D_l+    500572K            nid[001431,001+ 
3359847.3753 alya_3D_l+    516124K            nid[001420-001+ 
3359847.3754 alya_3D_l+    500168K            nid[001253-001+ 
3359847.3755 alya_3D_l+    499656K            nid[001000,001+ 
3359847.3756 alya_3D_l+    500164K            nid[001122,001+ 
3359847.3757 alya_3D_l+    499916K            nid[001000,001+ 
3359847.3758 alya_3D_l+    502144K            nid[001000,001+ 
3359847.3759 alya_3D_l+    516284K            nid[001253-001+ 
3359847.3760 alya_3D_l+    516668K            nid[002630-002+ 
3359847.3761 alya_3D_l+    500308K            nid[001921-001+ 
3359847.3762 alya_3D_l+    515452K            nid[001122,001+ 
3359847.3763 alya_3D_l+    516592K            nid[001420-001+ 
3359847.3764 alya_3D_l+    516168K            nid[001000,001+ 
3359847.3765 alya_3D_l+    500160K            nid[001030-001+ 
3359847.3766 alya_3D_l+    516416K            nid[001000,001+ 
3359847.3767 alya_3D_l+    500120K            nid[001253-001+ 
3359847.3768 alya_3D_l+    500124K            nid[001921-001+ 
3359847.3769 alya_3D_l+    500568K            nid[001420-001+ 
3359847.3770 alya_3D_l+    500712K            nid[001122,001+ 
3359847.3771 alya_3D_l+    500296K            nid[001431,001+ 
3359847.3772 alya_3D_l+    500544K            nid[001420-001+ 
3359847.3773 alya_3D_l+    500048K            nid[001921-001+ 
3359847.3774 alya_3D_l+    500164K            nid[001000,001+ 
3359847.3775 alya_3D_l+    501020K            nid[001253-001+ 
3359847.3776 alya_3D_l+    500476K            nid[001122,001+ 
3359847.3777 alya_3D_l+    500128K            nid[002657,002+ 
3359847.3778 alya_3D_l+    500400K            nid[001420-001+ 
3359847.3779 alya_3D_l+    500084K            nid[001420-001+ 
3359847.3780 alya_3D_l+    502252K            nid[001000,001+ 
3359847.3781 alya_3D_l+    500380K            nid[001122,001+ 
3359847.3782 alya_3D_l+    500272K            nid[001122,001+ 
3359847.3783 alya_3D_l+    514188K            nid[001000,001+ 
3359847.3784 alya_3D_l+    499780K            nid[001000,001+ 
3359847.3785 alya_3D_l+    499904K            nid[001420-001+ 
3359847.3786 alya_3D_l+    500708K            nid[001420-001+ 
3359847.3787 alya_3D_l+    499968K            nid[001122,001+ 
3359847.3788 alya_3D_l+    500096K            nid[001253-001+ 
3359847.3789 alya_3D_l+    500248K            nid[001000,001+ 
3359847.3790 alya_3D_l+    499672K            nid[001000,001+ 
3359847.3791 alya_3D_l+    500608K            nid[001921-001+ 
3359847.3792 alya_3D_l+    500016K            nid[001122,001+ 
3359847.3793 alya_3D_l+    500052K            nid[001122,001+ 
3359847.3794 alya_3D_l+    500348K            nid[001253-001+ 
3359847.3795 alya_3D_l+    516252K            nid[001921-001+ 
3359847.3796 alya_3D_l+    500044K            nid[001000,001+ 
3359847.3797 alya_3D_l+    516000K            nid[001000,001+ 
3359847.3798 alya_3D_l+    500492K            nid[001122,001+ 
3359847.3799 alya_3D_l+    516128K            nid[001122,001+ 
3359847.3800 alya_3D_l+    500128K            nid[001420-001+ 
3359847.3801 alya_3D_l+    500476K            nid[001921-001+ 
3359847.3802 alya_3D_l+    500072K            nid[001000,001+ 
3359847.3803 alya_3D_l+    500464K            nid[001000,001+ 
3359847.3804 alya_3D_l+    500372K            nid[001122,001+ 
3359847.3805 alya_3D_l+    500288K            nid[001149,001+ 
3359847.3806 alya_3D_l+    500612K            nid[001122,001+ 
3359847.3807 alya_3D_l+    500196K            nid[001000,001+ 
3359847.3808 alya_3D_l+    502776K            nid[001030-001+ 
3359847.3809 alya_3D_l+    500080K            nid[001000,001+ 
3359847.3810 alya_3D_l+    500240K            nid[001253-001+ 
3359847.3811 alya_3D_l+    500240K            nid[001122,001+ 
3359847.3812 alya_3D_l+    500096K            nid[001420-001+ 
3359847.3813 alya_3D_l+    499752K            nid[001000,001+ 
3359847.3814 alya_3D_l+    500204K            nid[001030-001+ 
3359847.3815 alya_3D_l+    500112K            nid[001064,001+ 
3359847.3816 alya_3D_l+    500432K            nid[001000,001+ 
3359847.3817 alya_3D_l+    500328K            nid[001122,001+ 
3359847.3818 alya_3D_l+    502668K            nid[001253-001+ 
3359847.3819 alya_3D_l+    499860K            nid[001420-001+ 
3359847.3820 alya_3D_l+    500316K            nid[001921-001+ 
3359847.3821 alya_3D_l+    488.50M            nid[001921-001+ 
3359847.3822 alya_3D_l+    499876K            nid[001000,001+ 
3359847.3823 alya_3D_l+    500312K            nid[001122,001+ 
3359847.3824 alya_3D_l+    516528K            nid[001253-001+ 
3359847.3825 alya_3D_l+    500080K            nid[001000,001+ 
3359847.3826 alya_3D_l+    500004K            nid[001000,001+ 
3359847.3827 alya_3D_l+    500196K            nid[001420-001+ 
3359847.3828 alya_3D_l+    516296K            nid[001921-001+ 
3359847.3829 alya_3D_l+    500060K            nid[001122,001+ 
3359847.3830 alya_3D_l+    500244K            nid[001253-001+ 
3359847.3831 alya_3D_l+    516452K            nid[001431,001+ 
3359847.3832 alya_3D_l+    499812K            nid[001000,001+ 
3359847.3833 alya_3D_l+    516056K            nid[001030-001+ 
3359847.3834 alya_3D_l+    520296K            nid[001000,001+ 
3359847.3835 alya_3D_l+    516776K            nid[001122,001+ 
3359847.3836 alya_3D_l+    500620K            nid[001253-001+ 
3359847.3837 alya_3D_l+    500480K            nid[001921-001+ 
3359847.3838 alya_3D_l+    500116K            nid[001000,001+ 
3359847.3839 alya_3D_l+    516432K            nid[001000,001+ 
3359847.3840 alya_3D_l+    500056K            nid[001420-001+ 
3359847.3841 alya_3D_l+    500012K            nid[001122,001+ 
3359847.3842 alya_3D_l+    500404K            nid[001253-001+ 
3359847.3843 alya_3D_l+    500148K            nid[001253-001+ 
3359847.3844 alya_3D_l+    500876K            nid[001000,001+ 
3359847.3845 alya_3D_l+    500000K            nid[001030-001+ 
3359847.3846 alya_3D_l+    500268K            nid[001000,001+ 
3359847.3847 alya_3D_l+    500556K            nid[001420-001+ 
3359847.3848 alya_3D_l+                       nid[001122,001+ 
3359847.3849 alya_3D_l+                       nid[001122,001+ 
3359847.3850 alya_3D_l+                       nid[001253-001+ 
3359847.3851 alya_3D_l+                       nid[001000,001+ 
3359847.3852 alya_3D_l+                       nid[001000,001+ 
3359847.3853 alya_3D_l+                       nid[002657,002+ 
